1,09/07/2026,,,,09/08/2026,,,,09/09/2026,,,,09/10/2026,,,,09/11/2026,,,
,Mon,,,,Tue,,,,Wed,,,,Thu,,,,Fri,,,
Block,MLTS 1 A,MLTS 1 B,MLTS 1 C,MLTS 1 D,MLTS 1 A,MLTS 1 B,MLTS 1 C,MLTS 1 D,MLTS 1 A,MLTS 1 B,MLTS 1 C,MLTS 1 D,MLTS 1 A,MLTS 1 B,MLTS 1 C,MLTS 1 D,MLTS 1 A,MLTS 1 B,MLTS 1 C,MLTS 1 D
8:30 - 9:30,Labour Day - No classes ,,,,SOHS Orientation SE16 Gym - Mandatory,,,,"MLSC1218  Lec  NE01 239 47877      Tzou,E
","MLSC1218  Lec  NE01 239 47877      Frawley,E
","MLSC1218  Lec  NE01 239 47877      Ham,K
","MLSC1218  Lec  NE01 239 47877      Frawley,E
","COMM1370  Lec  SW03 1710 48902      Hunter,R","COMM1370  Lec  SW03 1710 48902      Hunter,R","COMM1370  Lec  SW03 1710 48902      Hunter,R","COMM1370  Lec  SW03 1710 48902      Hunter,R","BHSC1139  Lec  SW03 1750 47869      Duffy,S","BHSC1139  Lec  SW03 1750 47869      Duffy,S","BHSC1139  Lec  SW03 1750 47869      Duffy,S","BHSC1139  Lec  SW03 1750 47869      Duffy,S"
9:30 - 10:30,,,,,,,,,"MLSC1218  Lec  NE01 239 47877      Tzou,E
","MLSC1218  Lec  NE01 239 47877      Frawley,E
","MLSC1218  Lec  NE01 239 47877      Ham,K
","MLSC1218  Lec  NE01 239 47877      Frawley,E
","BHSC1310  Lec  SW03 1710 47871      Marshall,K","BHSC1310  Lec  SW03 1710 47871      Marshall,K","BHSC1310  Lec  SW03 1710 47871      Marshall,K","BHSC1310  Lec  SW03 1710 47871      Marshall,K","MLSC1218  Lab  NW04 4090 47882      McMullen,H
","COMM1370  Sem *NE22 105 48904      Hunter,R","COMM1370  Sem *NE22 105 48905      Hunter,R","BHSC1310  Sem  NE25 115 47890      Marshall,K"
10:30 - 11:30,,,,,,,,,"BHSC1139  Lec  NE01 239 47869      Duffy,S","BHSC1139  Lec  NE01 239 47869      Duffy,S","BHSC1139  Lec  NE01 239 47869      Duffy,S","BHSC1139  Lec  NE01 239 47869      Duffy,S","BHSC1310  Lec  SW03 1710 47871      Marshall,K","BHSC1310  Lec  SW03 1710 47871      Marshall,K","BHSC1310  Lec  SW03 1710 47871      Marshall,K","BHSC1310  Lec  SW03 1710 47871      Marshall,K","MLSC1218  Lab  NW04 4090 47882      McMullen,H
","COMM1370  Sem *NE22 105 48904      Hunter,R","COMM1370  Sem *NE22 105 48905      Hunter,R","BHSC1139  Sem  NE25 114 47885      Duffy,S"
11:30 - 12:30,,,,,Med Lab Science Orientation NW04 1072/1076/1078                       1200-1500 - Mandatory,,,, , , , , , , , , , , , 
12:30 - 13:30,,,,,,,,,"MLSC1309  Lec  NW04 1072 48977      Kwan,C*","MLSC1309  Lec  NW04 1072 48977      Lamarre,J*","MLSC1309  Lec  NW04 1072 48977      Macapili,R*","MLSC1309  Lec  NW04 1072 48977      Macapili,R*","MLSC1218  Lec  NW04 1072 47877      Frawley,E*","MLSC1218  Lec  NW04 1072 47877      Frawley,E*","MLSC1218  Lec  NW04 1072 47877      Frawley,E*","MLSC1218  Lec  NW04 1072 47877      McMullen,H*","BHSC1310  Sem  NE25 115 47872      Marshall,K","BHSC1139  Sem  NE25 114 47883      Duffy,S", ,"MLSC1218  Lab  NW04 4090 47901      Chen,E
"
13:30 - 14:30,,,,,,,,,"MLSC1309  Lec  NW04 1072 48977      Kwan,C*","MLSC1309  Lec  NW04 1072 48977      Lamarre,J*","MLSC1309  Lec  NW04 1072 48977      Macapili,R*","MLSC1309  Lec  NW04 1072 48977      Macapili,R*","MLSC1218  Lec  NW04 1072 47877      Frawley,E*","MLSC1218  Lec  NW04 1072 47877      Frawley,E*","MLSC1218  Lec  NW04 1072 47877      Frawley,E*","MLSC1218  Lec  NW04 1072 47877      McMullen,H*","BHSC1139  Sem  NE25 114 47870      Duffy,S","BHSC1310  Sem  NE25 115 47887      Marshall,K", ,"MLSC1218  Lab  NW04 4090 47901      Chen,E
"
14:30 - 15:30,,,,,,,,, , , , ,"COMM1370  Sem *NE22 105 48903      Hunter,R", ,"MLSC1218  Lab  NW04 4090 47900      McMullen,H
","COMM1370  Sem *NE22 105 48906      Hunter,R", ,"MLSC1218  Lab  NW04 4090 47899      Frawley,E
","BHSC1139  Sem  NE25 115 47884      Duffy,S", 
15:30 - 16:30,,,,, ,,,, , , , ,"COMM1370  Sem *NE22 105 48903      Hunter,R", ,"MLSC1218  Lab  NW04 4090 47900      McMullen,H
","COMM1370  Sem *NE22 105 48906      Hunter,R", ,"MLSC1218  Lab  NW04 4090 47899      Frawley,E
","BHSC1310  Sem  NE25 115 47889      Marshall,K", 
2,09/14/2026,,,,09/15/2026,,,,09/16/2026,,,,09/17/2026,,,,09/18/2026,,,
,Mon,,,,Tue,,,,Wed,,,,Thu,,,,Fri,,,
Block,MLTS 1 A,MLTS 1 B,MLTS 1 C,MLTS 1 D,MLTS 1 A,MLTS 1 B,MLTS 1 C,MLTS 1 D,MLTS 1 A,MLTS 1 B,MLTS 1 C,MLTS 1 D,MLTS 1 A,MLTS 1 B,MLTS 1 C,MLTS 1 D,MLTS 1 A,MLTS 1 B,MLTS 1 C,MLTS 1 D
8:30 - 9:30,"MLSC1309  Lec  SW03 1710 48977      Lamarre,J*","MLSC1309  Lec  SW03 1710 48977      Kwan,C*","MLSC1309  Lec  SW03 1710 48977      Lamarre,J*","MLSC1309  Lec  SW03 1710 48977      Lamarre,J*","MLSC1309  Lec  SW03 1750 48977      Kwan,C
","MLSC1309  Lec  SW03 1750 48977      Kwan,C
","MLSC1309  Lec  SW03 1750 48977      Macapili,R
","MLSC1309  Lec  SW03 1750 48977      Lamarre,J
","BHSC1139  Lec  SW01 1205 47869      Duffy,S","BHSC1139  Lec  SW01 1205 47869      Duffy,S","BHSC1139  Lec  SW01 1205 47869      Duffy,S","BHSC1139  Lec  SW01 1205 47869      Duffy,S","COMM1370  Lec  SW03 1710 48902      Hunter,R","COMM1370  Lec  SW03 1710 48902      Hunter,R","COMM1370  Lec  SW03 1710 48902      Hunter,R","COMM1370  Lec  SW03 1710 48902      Hunter,R","MLSC1309  Lec  SW03 1750 48977      Lamarre,J
","MLSC1309  Lec  SW03 1750 48977      Macapili,R
","MLSC1309  Lec  SW03 1750 48977      Macapili,R
","MLSC1309  Lec  SW03 1750 48977      Kwan,C
"
9:30 - 10:30,"MLSC1309  Lec  SW03 1710 48977      Lamarre,J*","MLSC1309  Lec  SW03 1710 48977      Kwan,C*","MLSC1309  Lec  SW03 1710 48977      Lamarre,J*","MLSC1309  Lec  SW03 1710 48977      Lamarre,J*","MLSC1218  Lec  SW03 1750 47877      Tzou,E
","MLSC1218  Lec  SW03 1750 47877      Yamamoto,V
","MLSC1218  Lec  SW03 1750 47877      Yamamoto,V
","MLSC1218  Lec  SW03 1750 47877      Yamamoto,V
","BHSC1310  Sem  SW01 2590 47872      Marshall,K","BHSC1139  Sem  SW01 4009 47883      Duffy,S","MLSC1218  Lab  NW04 4090 47900      Yamamoto,V
", ,"MLSC1314  Lec  SW03 1710 47878      Chen,E","MLSC1314  Lec  SW03 1710 47878      Chen,E","MLSC1314  Lec  SW03 1710 47878      Chen,E","MLSC1314  Lec  SW03 1710 47878      Chen,E","MLSC1314  Lec  SW03 1750 47878      Chen,E","MLSC1314  Lec  SW03 1750 47878      Chen,E","MLSC1314  Lec  SW03 1750 47878      Chen,E","MLSC1314  Lec  SW03 1750 47878      Chen,E"
10:30 - 11:30,"BHSC1139  Lec  SW03 1710 47869      Duffy,S","BHSC1139  Lec  SW03 1710 47869      Duffy,S","BHSC1139  Lec  SW03 1710 47869      Duffy,S","BHSC1139  Lec  SW03 1710 47869      Duffy,S","MLSC1218  Lec  SW03 1750 47877      Tzou,E
","MLSC1218  Lec  SW03 1750 47877      Yamamoto,V
","MLSC1218  Lec  SW03 1750 47877      Yamamoto,V
","MLSC1218  Lec  SW03 1750 47877      Yamamoto,V
", ,"BHSC1310  Sem  SW01 2590 47887      Marshall,K","MLSC1218  Lab  NW04 4090 47900      Yamamoto,V
","BHSC1139  Sem  SW01 4009 47885      Duffy,S","MLSC1314  Lec  SW03 1710 47878      Chen,E","MLSC1314  Lec  SW03 1710 47878      Chen,E","MLSC1314  Lec  SW03 1710 47878      Chen,E","MLSC1314  Lec  SW03 1710 47878      Chen,E","BHSC1139  Lec  SW03 1750 47869      Duffy,S","BHSC1139  Lec  SW03 1750 47869      Duffy,S","BHSC1139  Lec  SW03 1750 47869      Duffy,S","BHSC1139  Lec  SW03 1750 47869      Duffy,S"
11:30 - 12:30, , , , , , , , , , , , , , , , , , , , 
12:30 - 13:30,"BHSC1310  Lec  SW03 1710 47871      Marshall,K","BHSC1310  Lec  SW03 1710 47871      Marshall,K","BHSC1310  Lec  SW03 1710 47871      Marshall,K","BHSC1310  Lec  SW03 1710 47871      Marshall,K","MLSC1218  Lab  NW04 4090 47882      Yamamoto,V
", , ,"COMM1370  Sem  SW01 4009 48906      Hunter,R","BHSC1139  Sem  SW01 4009 47870      Duffy,S","MLSC1218  Lab  NW04 4090 47899      Frawley,E
","BHSC1310  Sem  SW01 2004 47889      Marshall,K", ,"MLSC1218  Lab  NW04 4090 47882      Chen,E
", ,"COMM1370  Sem  SW01 4011 48905      Hunter,R", , , , ,"MLSC1218  Lab  NW04 4090 47901      Tzou,E
"
13:30 - 14:30,"BHSC1310  Lec  SW03 1710 47871      Marshall,K","BHSC1310  Lec  SW03 1710 47871      Marshall,K","BHSC1310  Lec  SW03 1710 47871      Marshall,K","BHSC1310  Lec  SW03 1710 47871      Marshall,K","MLSC1218  Lab  NW04 4090 47882      Yamamoto,V
", , ,"COMM1370  Sem  SW01 4009 48906      Hunter,R", ,"MLSC1218  Lab  NW04 4090 47899      Frawley,E
","BHSC1139  Sem  SW01 4009 47884      Duffy,S","BHSC1310  Sem  SW01 2004 47890      Marshall,K","MLSC1218  Lab  NW04 4090 47882      Chen,E
", ,"COMM1370  Sem  SW01 4011 48905      Hunter,R", , , , ,"MLSC1218  Lab  NW04 4090 47901      Tzou,E
"
14:30 - 15:30,"MLSC1218  Lec  SW03 1710 47877      Frawley,E
","MLSC1218  Lec  SW03 1710 47877      Ham,K
","MLSC1218  Lec  SW03 1710 47877      McMullen,H
","MLSC1218  Lec  SW03 1710 47877      Yamamoto,V
", ,"COMM1370  Sem  SW01 4009 48904      Hunter,R", ,"MLSC1218  Lab  NW04 4090 47901      McMullen,H
", , , , ,"COMM1370  Sem  SW01 4009 48903      Hunter,R", ,"MLSC1218  Lab  NW04 4090 47900      Frawley,E
", , ,"MLSC1218  Lab  NW04 4090 47899      Chen,E
", , 
15:30 - 16:30,"MLSC1218  Lec  SW03 1710 47877      Frawley,E
","MLSC1218  Lec  SW03 1710 47877      Ham,K
","MLSC1218  Lec  SW03 1710 47877      McMullen,H
","MLSC1218  Lec  SW03 1710 47877      Yamamoto,V
", ,"COMM1370  Sem  SW01 4009 48904      Hunter,R", ,"MLSC1218  Lab  NW04 4090 47901      McMullen,H
", , , , ,"COMM1370  Sem  SW01 4009 48903      Hunter,R", ,"MLSC1218  Lab  NW04 4090 47900      Frawley,E
", , ,"MLSC1218  Lab  NW04 4090 47899      Chen,E
", , 
3,09/21/2026,,,,09/22/2026,,,,09/23/2026,,,,09/24/2026,,,,09/25/2026,,,
,Mon,,,,Tue,,,,Wed,,,,Thu,,,,Fri,,,
Block,MLTS 1 A,MLTS 1 B,MLTS 1 C,MLTS 1 D,MLTS 1 A,MLTS 1 B,MLTS 1 C,MLTS 1 D,MLTS 1 A,MLTS 1 B,MLTS 1 C,MLTS 1 D,MLTS 1 A,MLTS 1 B,MLTS 1 C,MLTS 1 D,MLTS 1 A,MLTS 1 B,MLTS 1 C,MLTS 1 D
8:30 - 9:30,"MLSC1309  Lec  SW03 1710 48977      Macapili,R
","MLSC1309  Lec  SW03 1710 48977      Macapili,R
","MLSC1309  Lec  SW03 1710 48977      Macapili,R
","MLSC1309  Lec  SW03 1710 48977      Macapili,R
","MLSC1218  Lec  SW03 1750 47877      Chen,E
","MLSC1218  Lec  SW03 1750 47877      Yamamoto,V
","MLSC1218  Lec  SW03 1750 47877      Yamamoto,V
","MLSC1218  Lec  SW03 1750 47877      Yamamoto,V
","BHSC1139  Lec  SW01 1205 47869      Duffy,S","BHSC1139  Lec  SW01 1205 47869      Duffy,S","BHSC1139  Lec  SW01 1205 47869      Duffy,S","BHSC1139  Lec  SW01 1205 47869      Duffy,S","COMM1370  Lec  SW03 1710 48902      Hunter,R","COMM1370  Lec  SW03 1710 48902      Hunter,R","COMM1370  Lec  SW03 1710 48902      Hunter,R","COMM1370  Lec  SW03 1710 48902      Hunter,R",,,,
9:30 - 10:30,"MLSC1309  Lec  SW03 1710 48977      Macapili,R
","MLSC1309  Lec  SW03 1710 48977      Macapili,R
","MLSC1309  Lec  SW03 1710 48977      Macapili,R
","MLSC1309  Lec  SW03 1710 48977      Macapili,R
","MLSC1218  Lec  SW03 1750 47877      Chen,E
","MLSC1218  Lec  SW03 1750 47877      Yamamoto,V
","MLSC1218  Lec  SW03 1750 47877      Yamamoto,V
","MLSC1218  Lec  SW03 1750 47877      Yamamoto,V
","BHSC1310  Sem  SW01 2590 47872      Marshall,K","BHSC1139  Sem  SW01 4009 47883      Duffy,S","MLSC1218  Lab  NW04 4090 47900      Yamamoto,V
", ,"MLSC1218  Lec  SW03 1710 47877      Frawley,E
","MLSC1218  Lec  SW03 1710 47877      Frawley,E
","MLSC1218  Lec  SW03 1710 47877      McMullen,H
","MLSC1218  Lec  SW03 1710 47877      Tzou,E
",,,,"MLSC1218  Lab  NW04 4090 47901      Chen,E
"
10:30 - 11:30,"BHSC1139  Lec  SW03 1710 47869      Duffy,S","BHSC1139  Lec  SW03 1710 47869      Duffy,S","BHSC1139  Lec  SW03 1710 47869      Duffy,S","BHSC1139  Lec  SW03 1710 47869      Duffy,S","MLSC1309  Lec  SW03 1750 48977      Lamarre,J
","MLSC1309  Lec  SW03 1750 48977      Kwan,C
","MLSC1309  Lec  SW03 1750 48977      Kwan,C
","MLSC1309  Lec  SW03 1750 48977      Kwan,C
", ,"BHSC1310  Sem  SW01 2590 47887      Marshall,K","MLSC1218  Lab  NW04 4090 47900      Yamamoto,V
","BHSC1139  Sem  SW01 4009 47885      Duffy,S","MLSC1218  Lec  SW03 1710 47877      Frawley,E
","MLSC1218  Lec  SW03 1710 47877      Frawley,E
","MLSC1218  Lec  SW03 1710 47877      McMullen,H
","MLSC1218  Lec  SW03 1710 47877      Tzou,E
",,,,"MLSC1218  Lab  NW04 4090 47901      Chen,E
"
11:30 - 12:30, , , , , , , , , , , , , , , , ,,,,
12:30 - 13:30,"BHSC1310  Lec  SW03 1710 47871      Marshall,K","BHSC1310  Lec  SW03 1710 47871      Marshall,K","BHSC1310  Lec  SW03 1710 47871      Marshall,K","BHSC1310  Lec  SW03 1710 47871      Marshall,K", ,"COMM1370  Sem  SW01 4009 48904      Hunter,R", ,"MLSC1218  Lab  NW04 4090 47901      Frawley,E
","BHSC1139  Sem  SW01 4009 47870      Duffy,S","MLSC1218  Lab  NW04 4090 47899      Frawley,E
","BHSC1310  Sem  SW01 2004 47889      Marshall,K", ,"MLSC1218  Lab  NW04 4090 47882      Chen,E
", ,"COMM1370  Sem  SW01 4009 48905      Hunter,R", , ,"MLSC1218  Lab  NW04 4090 47899      Yamamoto,V
", , 
13:30 - 14:30,"BHSC1310  Lec  SW03 1710 47871      Marshall,K","BHSC1310  Lec  SW03 1710 47871      Marshall,K","BHSC1310  Lec  SW03 1710 47871      Marshall,K","BHSC1310  Lec  SW03 1710 47871      Marshall,K", ,"COMM1370  Sem  SW01 4009 48904      Hunter,R", ,"MLSC1218  Lab  NW04 4090 47901      Frawley,E
", ,"MLSC1218  Lab  NW04 4090 47899      Frawley,E
","BHSC1139  Sem  SW01 4009 47884      Duffy,S","BHSC1310  Sem  SW01 2004 47890      Marshall,K","MLSC1218  Lab  NW04 4090 47882      Chen,E
", ,"COMM1370  Sem  SW01 4009 48905      Hunter,R", , ,"MLSC1218  Lab  NW04 4090 47899      Yamamoto,V
", , 
14:30 - 15:30,"MLSC1218  Lec  SW03 1710 47877      Frawley,E
","MLSC1218  Lec  SW03 1710 47877      Yamamoto,V
","MLSC1218  Lec  SW03 1710 47877      Yamamoto,V
","MLSC1218  Lec  SW03 1710 47877      Yamamoto,V
","MLSC1218  Lab  NW04 4090 47882      Frawley,E
", , ,"COMM1370  Sem  SW01 4009 48906      Hunter,R", , , , ,"COMM1370  Sem  SW01 4009 48903      Hunter,R", ,"MLSC1218  Lab  NW04 4090 47900      Frawley,E
", , , , ,
15:30 - 16:30,"MLSC1218  Lec  SW03 1710 47877      Frawley,E
","MLSC1218  Lec  SW03 1710 47877      Yamamoto,V
","MLSC1218  Lec  SW03 1710 47877      Yamamoto,V
","MLSC1218  Lec  SW03 1710 47877      Yamamoto,V
","MLSC1218  Lab  NW04 4090 47882      Frawley,E
", , ,"COMM1370  Sem  SW01 4009 48906      Hunter,R", , , , ,"COMM1370  Sem  SW01 4009 48903      Hunter,R", ,"MLSC1218  Lab  NW04 4090 47900      Frawley,E
", , , , ,
4,09/28/2026,,,,09/29/2026,,,,09/30/2026,,,,10/01/2026,,,,10/02/2026,,,
,Mon,,,,Tue,,,,Wed,,,,Thu,,,,Fri,,,
Block,MLTS 1 A,MLTS 1 B,MLTS 1 C,MLTS 1 D,MLTS 1 A,MLTS 1 B,MLTS 1 C,MLTS 1 D,MLTS 1 A,MLTS 1 B,MLTS 1 C,MLTS 1 D,MLTS 1 A,MLTS 1 B,MLTS 1 C,MLTS 1 D,MLTS 1 A,MLTS 1 B,MLTS 1 C,MLTS 1 D
8:30 - 9:30,"MLSC1309  Lec  SW03 1710 48977      Lamarre,J
","MLSC1309  Lec  SW03 1710 48977      Lamarre,J
","MLSC1309  Lec  SW03 1710 48977      Lamarre,J
","MLSC1309  Lec  SW03 1710 48977      Kwan,C
","MLSC1218  Lec  SW03 1750 47877      Yamamoto,V
","MLSC1218  Lec  SW03 1750 47877      Frawley,E
","MLSC1218  Lec  SW03 1750 47877      Frawley,E
","MLSC1218  Lec  SW03 1750 47877      Frawley,E
",Truth and Reconciliation,,,,"MLSC1314  Lec  SW03 1710 47878      Chen,E","MLSC1314  Lec  SW03 1710 47878      Chen,E","MLSC1314  Lec  SW03 1710 47878      Chen,E","MLSC1314  Lec  SW03 1710 47878      Chen,E","MLSC1314  Lec  SW03 1750 47878      Chen,E","MLSC1314  Lec  SW03 1750 47878      Chen,E","MLSC1314  Lec  SW03 1750 47878      Chen,E","MLSC1314  Lec  SW03 1750 47878      Chen,E"
9:30 - 10:30,"MLSC1309  Lec  SW03 1710 48977      Lamarre,J
","MLSC1309  Lec  SW03 1710 48977      Lamarre,J
","MLSC1309  Lec  SW03 1710 48977      Lamarre,J
","MLSC1309  Lec  SW03 1710 48977      Kwan,C
","MLSC1218  Lec  SW03 1750 47877      Yamamoto,V
","MLSC1218  Lec  SW03 1750 47877      Frawley,E
","MLSC1218  Lec  SW03 1750 47877      Frawley,E
","MLSC1218  Lec  SW03 1750 47877      Frawley,E
",,,,,"MLSC1218  Lec  SW03 1710 47877      Frawley,E
","MLSC1218  Lec  SW03 1710 47877      Ham,K
","MLSC1218  Lec  SW03 1710 47877      Ham,K
","MLSC1218  Lec  SW03 1710 47877      Frawley,E
","MLSC1314  Lec  SW03 1750 47878      Chen,E","MLSC1314  Lec  SW03 1750 47878      Chen,E","MLSC1314  Lec  SW03 1750 47878      Chen,E","MLSC1314  Lec  SW03 1750 47878      Chen,E"
10:30 - 11:30,"BHSC1139  Lec  SW03 1710 47869      Duffy,S","BHSC1139  Lec  SW03 1710 47869      Duffy,S","BHSC1139  Lec  SW03 1710 47869      Duffy,S","BHSC1139  Lec  SW03 1710 47869      Duffy,S","MLSC1309  Lec  SW03 1750 48977      Macapili,R
","MLSC1309  Lec  SW03 1750 48977      Macapili,R
","MLSC1309  Lec  SW03 1750 48977      Kwan,C
","MLSC1309  Lec  SW03 1750 48977      Macapili,R
",,,,,"MLSC1218  Lec  SW03 1710 47877      Frawley,E
","MLSC1218  Lec  SW03 1710 47877      Ham,K
","MLSC1218  Lec  SW03 1710 47877      Ham,K
","MLSC1218  Lec  SW03 1710 47877      Frawley,E
","BHSC1139  Lec  SW03 1750 47869      , ","BHSC1139  Lec  SW03 1750 47869      , ","BHSC1139  Lec  SW03 1750 47869      , ","BHSC1139  Lec  SW03 1750 47869      , "
11:30 - 12:30, , , , , , , , ,,,,, , , , , , , , 
12:30 - 13:30,"BHSC1139  Lec  SW03 1710 47869      Duffy,S","BHSC1139  Lec  SW03 1710 47869      Duffy,S","BHSC1139  Lec  SW03 1710 47869      Duffy,S","BHSC1139  Lec  SW03 1710 47869      Duffy,S",HSIP 0100  NE22 105,,"MLSC1309  Lab  NW04 4100 48981      Lamarre,J
",HSIP 0100  NE22 105,,,,, ,"MLSC1218  Lab  NW04 4090 47899      Chen,E
", ,"MLSC1309  Lab  NW04 4100 48982      Kwan,C
","BHSC1310  Sem  NE25 116 47872      Marshall,K","BHSC1139  Sem  NE25 115 47883      Duffy,S",HSIP 0100  TSQ D,"MLSC1218  Lab  NW04 4090 47901      Yamamoto,V
"
13:30 - 14:30,"BHSC1310  Lec  SW03 1710 47871      Marshall,K","BHSC1310  Lec  SW03 1710 47871      Marshall,K","BHSC1310  Lec  SW03 1710 47871      Marshall,K","BHSC1310  Lec  SW03 1710 47871      Marshall,K",HSIP 0100  NE22 105,,"MLSC1309  Lab  NW04 4100 48981      Lamarre,J
",HSIP 0100  NE22 105,,,,, ,"MLSC1218  Lab  NW04 4090 47899      Chen,E
", ,"MLSC1309  Lab  NW04 4100 48982      Kwan,C
","BHSC1139  Sem  NE25 115 47870      Duffy,S","BHSC1310  Sem  NE25 116 47887      Marshall,K",HSIP 0100  TSQ D,"MLSC1218  Lab  NW04 4090 47901      Yamamoto,V
"
14:30 - 15:30,"BHSC1310  Lec  SW03 1710 47871      Marshall,K","BHSC1310  Lec  SW03 1710 47871      Marshall,K","BHSC1310  Lec  SW03 1710 47871      Marshall,K","BHSC1310  Lec  SW03 1710 47871      Marshall,K","MLSC1309  Lab  NW04 4100 48979      Lamarre,J
", , , ,,,,, ,"MLSC1309  Lab  NW04 4100 48980      Kwan,C
","MLSC1218  Lab  NW04 4090 47900      Frawley,E
", ,"MLSC1218  Lab  NW04 4090 47882      McMullen,H
", ,"BHSC1139  Sem  NE25 115 47884      Duffy,S","BHSC1310  Sem  NE25 116 47890      Marshall,K"
15:30 - 16:30, , , , ,"MLSC1309  Lab  NW04 4100 48979      Lamarre,J
", , , ,,,,, ,"MLSC1309  Lab  NW04 4100 48980      Kwan,C
","MLSC1218  Lab  NW04 4090 47900      Frawley,E
", ,"MLSC1218  Lab  NW04 4090 47882      McMullen,H
", ,"BHSC1310  Sem  NE25 116 47889      Marshall,K","BHSC1139  Sem  NE25 115 47885      Duffy,S"
5,10/05/2026,,,,10/06/2026,,,,10/07/2026,,,,10/08/2026,,,,10/09/2026,,,
,Mon,,,,Tue,,,,Wed,,,,Thu,,,,Fri,,,
Block,MLTS 1 A,MLTS 1 B,MLTS 1 C,MLTS 1 D,MLTS 1 A,MLTS 1 B,MLTS 1 C,MLTS 1 D,MLTS 1 A,MLTS 1 B,MLTS 1 C,MLTS 1 D,MLTS 1 A,MLTS 1 B,MLTS 1 C,MLTS 1 D,MLTS 1 A,MLTS 1 B,MLTS 1 C,MLTS 1 D
8:30 - 9:30,"MLSC1218  Lec  SW03 1710 47877      Ham,K
","MLSC1218  Lec  SW03 1710 47877      Tzou,E
","MLSC1218  Lec  SW03 1710 47877      Yamamoto,V
","MLSC1218  Lec  SW03 1710 47877      Frawley,E
","MLSC1218  Lec  SW03 1750 47877      Tzou,E
","MLSC1218  Lec  SW03 1750 47877      Yamamoto,V
","MLSC1218  Lec  SW03 1750 47877      Yamamoto,V
","MLSC1218  Lec  SW03 1750 47877      McMullen,H
","BHSC1139  Lec  SW01 1205 47869      Duffy,S","BHSC1139  Lec  SW01 1205 47869      Duffy,S","BHSC1139  Lec  SW01 1205 47869      Duffy,S","BHSC1139  Lec  SW01 1205 47869      Duffy,S","COMM1370  Lec  SW03 1710 48902      Hunter,R","COMM1370  Lec  SW03 1710 48902      Hunter,R","COMM1370  Lec  SW03 1710 48902      Hunter,R","COMM1370  Lec  SW03 1710 48902      Hunter,R","MLSC1309  Lec  SW03 1750 48977      Macapili,R
","MLSC1309  Lec  SW03 1750 48977      Lamarre,J
","MLSC1309  Lec  SW03 1750 48977      Macapili,R
","MLSC1309  Lec  SW03 1750 48977      Macapili,R
"
9:30 - 10:30,"MLSC1218  Lec  SW03 1710 47877      Ham,K
","MLSC1218  Lec  SW03 1710 47877      Tzou,E
","MLSC1218  Lec  SW03 1710 47877      Yamamoto,V
","MLSC1218  Lec  SW03 1710 47877      Frawley,E
","MLSC1218  Lec  SW03 1750 47877      Tzou,E
","MLSC1218  Lec  SW03 1750 47877      Yamamoto,V
","MLSC1218  Lec  SW03 1750 47877      Yamamoto,V
","MLSC1218  Lec  SW03 1750 47877      McMullen,H
","BHSC1139  Sem  SW01 4072 47870      Duffy,S","BHSC1310  Sem  SW01 2590 47887      Marshall,K","MLSC1218  Lab  NW04 4090 47900      Frawley,E
","MLSC1309  Lab  NW04 4100 48982      Macapili,R
","MLSC1314  Lec  SW03 1710 47878      Chen,E","MLSC1314  Lec  SW03 1710 47878      Chen,E","MLSC1314  Lec  SW03 1710 47878      Chen,E","MLSC1314  Lec  SW03 1710 47878      Chen,E","BHSC1139  Sem *NE22 105 47870      Duffy,S","BHSC1139  Sem *NE22 105 47883      Duffy,S","MLSC1309  Lab  NW04 4100 48981      Lamarre,J
","MLSC1218  Lab  NW04 4090 47901      Frawley,E
"
10:30 - 11:30,"MLSC1314  Lec  SW03 1710 47878      Chen,E","MLSC1314  Lec  SW03 1710 47878      Chen,E","MLSC1314  Lec  SW03 1710 47878      Chen,E","MLSC1314  Lec  SW03 1710 47878      Chen,E","MLSC1309  Lec  SW03 1750 48977      Lamarre,J
","MLSC1309  Lec  SW03 1750 48977      Macapili,R
","MLSC1309  Lec  SW03 1750 48977      Macapili,R
","MLSC1309  Lec  SW03 1750 48977      Lamarre,J
","BHSC1310  Sem  SW01 2590 47872      Marshall,K","BHSC1139  Sem  SW01 4072 47883      Duffy,S","MLSC1218  Lab  NW04 4090 47900      Frawley,E
","MLSC1309  Lab  NW04 4100 48982      Macapili,R
","MLSC1314  Lec  SW03 1710 47878      Chen,E","MLSC1314  Lec  SW03 1710 47878      Chen,E","MLSC1314  Lec  SW03 1710 47878      Chen,E","MLSC1314  Lec  SW03 1710 47878      Chen,E","BHSC1139  Sem *NE22 105 47870      Duffy,S","BHSC1139  Sem *NE22 105 47883      Duffy,S","MLSC1309  Lab  NW04 4100 48981      Lamarre,J
","MLSC1218  Lab  NW04 4090 47901      Frawley,E
"
11:30 - 12:30,"MLSC1314  Lec  SW03 1710 47878      Chen,E","MLSC1314  Lec  SW03 1710 47878      Chen,E","MLSC1314  Lec  SW03 1710 47878      Chen,E","MLSC1314  Lec  SW03 1710 47878      Chen,E", , , , , , , , , ,HSIP 0100  Online, , , , , , 
12:30 - 13:30, , , , ,"MLSC1218  Lab  NW04 4090 47882      Chen,E
","COMM1370  Sem  SW01 4072 48904      Hunter,R", ,"MLSC1309  Lab  NW04 4100 48982      Kwan,C
","MLSC1309  Lab  NW04 4100 48979      Macapili,R
","MLSC1218  Lab  NW04 4090 47899      Frawley,E
","BHSC1310  Sem  SW01 2004 47889      Marshall,K","BHSC1139  Sem  SW01 4072 47885      Duffy,S","MLSC1218  Lab  NW04 4090 47882      Chen,E
",HSIP 0100  Online,"MLSC1309  Lab  NW04 4100 48981      Lamarre,J
","COMM1370  Sem  SW01 4072 48906      Hunter,R", ,"MLSC1309  Lab  NW04 4100 48980      Macapili,R
","BHSC1139  Sem *NE22 105 47884      Duffy,S","BHSC1139  Sem *NE22 105 47885      Duffy,S"
13:30 - 14:30,"BHSC1310  Lec  SW03 1710 47871      Marshall,K","BHSC1310  Lec  SW03 1710 47871      Marshall,K","BHSC1310  Lec  SW03 1710 47871      Marshall,K","BHSC1310  Lec  SW03 1710 47871      Marshall,K","MLSC1218  Lab  NW04 4090 47882      Chen,E
","COMM1370  Sem  SW01 4072 48904      Hunter,R", ,"MLSC1309  Lab  NW04 4100 48982      Kwan,C
","MLSC1309  Lab  NW04 4100 48979      Macapili,R
","MLSC1218  Lab  NW04 4090 47899      Frawley,E
","BHSC1139  Sem  SW01 4072 47884      Duffy,S","BHSC1310  Sem  SW01 2004 47890      Marshall,K","MLSC1218  Lab  NW04 4090 47882      Chen,E
", ,"MLSC1309  Lab  NW04 4100 48981      Lamarre,J
","COMM1370  Sem  SW01 4072 48906      Hunter,R", ,"MLSC1309  Lab  NW04 4100 48980      Macapili,R
","BHSC1139  Sem *NE22 105 47884      Duffy,S","BHSC1139  Sem *NE22 105 47885      Duffy,S"
14:30 - 15:30,"BHSC1310  Lec  SW03 1710 47871      Marshall,K","BHSC1310  Lec  SW03 1710 47871      Marshall,K","BHSC1310  Lec  SW03 1710 47871      Marshall,K","BHSC1310  Lec  SW03 1710 47871      Marshall,K","MLSC1309  Lab  NW04 4100 48979      Kwan,C
", ,"COMM1370  Sem  SW01 4009 48905      Hunter,R","MLSC1218  Lab  NW04 4090 47901      McMullen,H
", , , , ,"COMM1370  Sem  SW01 4009 48903      Hunter,R","MLSC1309  Lab  NW04 4100 48980      Macapili,R
","MLSC1218  Lab  NW04 4090 47900      Frawley,E
", , ,"MLSC1218  Lab  NW04 4090 47899      Chen,E
", , 
15:30 - 16:30, , , , ,"MLSC1309  Lab  NW04 4100 48979      Kwan,C
", ,"COMM1370  Sem  SW01 4009 48905      Hunter,R","MLSC1218  Lab  NW04 4090 47901      McMullen,H
", , , , ,"COMM1370  Sem  SW01 4009 48903      Hunter,R","MLSC1309  Lab  NW04 4100 48980      Macapili,R
","MLSC1218  Lab  NW04 4090 47900      Frawley,E
", , ,"MLSC1218  Lab  NW04 4090 47899      Chen,E
", , 
6,10/12/2026,,,,10/13/2026,,,,10/14/2026,,,,10/15/2026,,,,10/16/2026,,,
,Mon,,,,Tue,,,,Wed,,,,Thu,,,,Fri,,,
Block,MLTS 1 A,MLTS 1 B,MLTS 1 C,MLTS 1 D,MLTS 1 A,MLTS 1 B,MLTS 1 C,MLTS 1 D,MLTS 1 A,MLTS 1 B,MLTS 1 C,MLTS 1 D,MLTS 1 A,MLTS 1 B,MLTS 1 C,MLTS 1 D,MLTS 1 A,MLTS 1 B,MLTS 1 C,MLTS 1 D
8:30 - 9:30,Thanksgiving,,,,"MLSC1309  Lec  SW03 1750 48977      Lamarre,J
","MLSC1309  Lec  SW03 1750 48977      Lamarre,J
","MLSC1309  Lec  SW03 1750 48977      Lamarre,J
","MLSC1309  Lec  SW03 1750 48977      Lamarre,J
","BHSC1139  Lec  SW01 1205 47869      Duffy,S","BHSC1139  Lec  SW01 1205 47869      Duffy,S","BHSC1139  Lec  SW01 1205 47869      Duffy,S","BHSC1139  Lec  SW01 1205 47869      Duffy,S","COMM1370  Lec  SW03 1710 48902      Hunter,R","COMM1370  Lec  SW03 1710 48902      Hunter,R","COMM1370  Lec  SW03 1710 48902      Hunter,R","COMM1370  Lec  SW03 1710 48902      Hunter,R","MLSC1218  Lec  SW03 1750 47877      Frawley,E
","MLSC1218  Lec  SW03 1750 47877      Ham,K
","MLSC1218  Lec  SW03 1750 47877      Frawley,E
","MLSC1218  Lec  SW03 1750 47877      Yamamoto,V
"
9:30 - 10:30,,,,,"MLSC1309  Lec  SW03 1750 48977      Lamarre,J
","MLSC1309  Lec  SW03 1750 48977      Lamarre,J
","MLSC1309  Lec  SW03 1750 48977      Lamarre,J
","MLSC1309  Lec  SW03 1750 48977      Lamarre,J
", ,"BHSC1139  Sem  SW01 4009 47883      Duffy,S","MLSC1218  Lab  NW04 4090 47900      Chen,E
","BHSC1310  Sem  SW01 2590 47890      Marshall,K","MLSC1218  Lec  SW03 1710 47877      Ham,K
","MLSC1218  Lec  SW03 1710 47877      Yamamoto,V
","MLSC1218  Lec  SW03 1710 47877      Frawley,E
","MLSC1218  Lec  SW03 1710 47877      McMullen,H
","MLSC1314  Lec  SW03 1750 47878      Chen,E","MLSC1314  Lec  SW03 1750 47878      Chen,E","MLSC1314  Lec  SW03 1750 47878      Chen,E","MLSC1314  Lec  SW03 1750 47878      Chen,E"
10:30 - 11:30,,,,,"MLSC1218  Lec  SW03 1750 47877      Tzou,E
","MLSC1218  Lec  SW03 1750 47877      Yamamoto,V
","MLSC1218  Lec  SW03 1750 47877      Frawley,E
","MLSC1218  Lec  SW03 1750 47877      Yamamoto,V
", ,"BHSC1310  Sem  SW01 2590 47887      Marshall,K","MLSC1218  Lab  NW04 4090 47900      Chen,E
","BHSC1139  Sem  SW01 4009 47885      Duffy,S","MLSC1218  Lec  SW03 1710 47877      Ham,K
","MLSC1218  Lec  SW03 1710 47877      Yamamoto,V
","MLSC1218  Lec  SW03 1710 47877      Frawley,E
","MLSC1218  Lec  SW03 1710 47877      McMullen,H
","MLSC1314  Lec  SW03 1750 47878      Chen,E","MLSC1314  Lec  SW03 1750 47878      Chen,E","MLSC1314  Lec  SW03 1750 47878      Chen,E","MLSC1314  Lec  SW03 1750 47878      Chen,E"
11:30 - 12:30,,,,, , , , , , , , , , , , , , , , 
12:30 - 13:30,,,,,"COMM1370  Sem  SW01 4009 48903      Hunter,R", , ,"MLSC1218  Lab  NW04 4090 47901      Frawley,E
","BHSC1139  Sem  SW01 4009 47870      Duffy,S","MLSC1218  Lab  NW04 4090 47899      McMullen,H
","BHSC1310  Sem  SW01 2004 47889      Marshall,K", , ,"COMM1370  Sem  SW01 4009 48904      Hunter,R","MLSC1218  Lab  NW04 4090 47900      Frawley,E
","MLSC1309  Lab  NE22 106 48982      Kwan,C*","MLSC1218  Lab  NW04 4090 47882      Frawley,E
", ,"MLSC1309  Lab  NE22 106 48981      Macapili,R*", 
13:30 - 14:30,,,,,"COMM1370  Sem  SW01 4009 48903      Hunter,R", , ,"MLSC1218  Lab  NW04 4090 47901      Frawley,E
","BHSC1310  Sem  SW01 2004 47872      Marshall,K","MLSC1218  Lab  NW04 4090 47899      McMullen,H
","BHSC1139  Sem  SW01 4009 47884      Duffy,S", , ,"COMM1370  Sem  SW01 4009 48904      Hunter,R","MLSC1218  Lab  NW04 4090 47900      Frawley,E
","MLSC1309  Lab  NE22 106 48982      Kwan,C*","MLSC1218  Lab  NW04 4090 47882      Frawley,E
", ,"MLSC1309  Lab  NE22 106 48981      Macapili,R*", 
14:30 - 15:30,,,,,"MLSC1218  Lab  NW04 4090 47882      Tzou,E
", , ,"COMM1370  Sem  SW01 4009 48906      Hunter,R", , , , , ,"MLSC1309  Lab  NE22 106 48980      Kwan,C*","COMM1370  Sem  SW01 4009 48905      Hunter,R","MLSC1218  Lab  NW04 4090 47901      Tzou,E
","MLSC1309  Lab  NE22 106 48979      Lamarre,J*","MLSC1218  Lab  NW04 4090 47899      Tzou,E
", , 
15:30 - 16:30,,,,,"MLSC1218  Lab  NW04 4090 47882      Tzou,E
", , ,"COMM1370  Sem  SW01 4009 48906      Hunter,R", , , , , ,"MLSC1309  Lab  NE22 106 48980      Kwan,C*","COMM1370  Sem  SW01 4009 48905      Hunter,R","MLSC1218  Lab  NW04 4090 47901      Tzou,E
","MLSC1309  Lab  NE22 106 48979      Lamarre,J*","MLSC1218  Lab  NW04 4090 47899      Tzou,E
", , 
7,10/19/2026,,,,10/20/2026,,,,10/21/2026,,,,10/22/2026,,,,10/23/2026,,,
,Mon,,,,Tue,,,,Wed,,,,Thu,,,,Fri,,,
Block,MLTS 1 A,MLTS 1 B,MLTS 1 C,MLTS 1 D,MLTS 1 A,MLTS 1 B,MLTS 1 C,MLTS 1 D,MLTS 1 A,MLTS 1 B,MLTS 1 C,MLTS 1 D,MLTS 1 A,MLTS 1 B,MLTS 1 C,MLTS 1 D,MLTS 1 A,MLTS 1 B,MLTS 1 C,MLTS 1 D
8:30 - 9:30,"MLSC1218  Lec  SW03 1710 47877      Frawley,E
","MLSC1218  Lec  SW03 1710 47877      McMullen,H
","MLSC1218  Lec  SW03 1710 47877      McMullen,H
","MLSC1218  Lec  SW03 1710 47877      McMullen,H
","MLSC1218  Lec  SW03 1750 47877      Yamamoto,V
","MLSC1218  Lec  SW03 1750 47877      Ham,K
","MLSC1218  Lec  SW03 1750 47877      Ham,K
","MLSC1218  Lec  SW03 1750 47877      Ham,K
","BHSC1139  Lec  SW01 1205 47869      Duffy,S","BHSC1139  Lec  SW01 1205 47869      Duffy,S","BHSC1139  Lec  SW01 1205 47869      Duffy,S","BHSC1139  Lec  SW01 1205 47869      Duffy,S","COMM1370  Lec  SW03 1710 48902      Hunter,R","COMM1370  Lec  SW03 1710 48902      Hunter,R","COMM1370  Lec  SW03 1710 48902      Hunter,R","COMM1370  Lec  SW03 1710 48902      Hunter,R","MLSC1314  Lec  SW03 1750 47878      Chen,E","MLSC1314  Lec  SW03 1750 47878      Chen,E","MLSC1314  Lec  SW03 1750 47878      Chen,E","MLSC1314  Lec  SW03 1750 47878      Chen,E"
9:30 - 10:30,"MLSC1218  Lec  SW03 1710 47877      Frawley,E
","MLSC1218  Lec  SW03 1710 47877      McMullen,H
","MLSC1218  Lec  SW03 1710 47877      McMullen,H
","MLSC1218  Lec  SW03 1710 47877      McMullen,H
","MLSC1218  Lec  SW03 1750 47877      Yamamoto,V
","MLSC1218  Lec  SW03 1750 47877      Ham,K
","MLSC1218  Lec  SW03 1750 47877      Ham,K
","MLSC1218  Lec  SW03 1750 47877      Ham,K
","BHSC1310  Sem  SW01 2590 47872      Marshall,K", ,"BHSC1139  Sem  SW01 4009 47884      Duffy,S","MLSC1218  Lab  NW04 4090 47901      Yamamoto,V
","MLSC1309  Lec  SW03 1710 48977      Lamarre,J*","MLSC1309  Lec  SW03 1710 48977      Lamarre,J*","MLSC1309  Lec  SW03 1710 48977      Macapili,R*","MLSC1309  Lec  SW03 1710 48977      Macapili,R*","MLSC1314  Lec  SW03 1750 47878      Chen,E","MLSC1314  Lec  SW03 1750 47878      Chen,E","MLSC1314  Lec  SW03 1750 47878      Chen,E","MLSC1314  Lec  SW03 1750 47878      Chen,E"
10:30 - 11:30,"BHSC1139  Lec  SW03 1710 47869      Duffy,S","BHSC1139  Lec  SW03 1710 47869      Duffy,S","BHSC1139  Lec  SW03 1710 47869      Duffy,S","BHSC1139  Lec  SW03 1710 47869      Duffy,S","MLSC1309  Lec  SW03 1750 48977      Kwan,C
","MLSC1309  Lec  SW03 1750 48977      Kwan,C
","MLSC1309  Lec  SW03 1750 48977      Kwan,C
","MLSC1309  Lec  SW03 1750 48977      Kwan,C
","BHSC1139  Sem  SW01 4009 47870      Duffy,S", ,"BHSC1310  Sem  SW01 2590 47889      Marshall,K","MLSC1218  Lab  NW04 4090 47901      Yamamoto,V
","MLSC1309  Lec  SW03 1710 48977      Lamarre,J*","MLSC1309  Lec  SW03 1710 48977      Lamarre,J*","MLSC1309  Lec  SW03 1710 48977      Macapili,R*","MLSC1309  Lec  SW03 1710 48977      Macapili,R*","BHSC1139  Lec  SW03 1750 47869      Duffy,S","BHSC1139  Lec  SW03 1750 47869      Duffy,S","BHSC1139  Lec  SW03 1750 47869      Duffy,S","BHSC1139  Lec  SW03 1750 47869      Duffy,S"
11:30 - 12:30, , , , , , , , , , , , , , , , , , , , 
12:30 - 13:30,"BHSC1310  Lec  SW03 1710 47871      Marshall,K","BHSC1310  Lec  SW03 1710 47871      Marshall,K","BHSC1310  Lec  SW03 1710 47871      Marshall,K","BHSC1310  Lec  SW03 1710 47871      Marshall,K", ,"MLSC1218  Lab  NW04 4090 47899      Tzou,E
","COMM1370  Sem  SW01 4009 48905      Hunter,R", ,"MLSC1218  Lab  NW04 4090 47882      McMullen,H
","BHSC1139  Sem  SW01 4009 47883      Duffy,S", ,"BHSC1310  Sem  SW01 2004 47890      Marshall,K","COMM1370  Sem  SW01 4009 48903      Hunter,R", , ,"MLSC1218  Lab  NW04 4090 47901      McMullen,H
", , ,"MLSC1218  Lab  NW04 4090 47900      McMullen,H
", 
13:30 - 14:30,"BHSC1310  Lec  SW03 1710 47871      Marshall,K","BHSC1310  Lec  SW03 1710 47871      Marshall,K","BHSC1310  Lec  SW03 1710 47871      Marshall,K","BHSC1310  Lec  SW03 1710 47871      Marshall,K", ,"MLSC1218  Lab  NW04 4090 47899      Tzou,E
","COMM1370  Sem  SW01 4009 48905      Hunter,R", ,"MLSC1218  Lab  NW04 4090 47882      McMullen,H
","BHSC1310  Sem  SW01 2004 47887      , ", ,"BHSC1139  Sem  SW01 4009 47885      Duffy,S","COMM1370  Sem  SW01 4009 48903      Hunter,R", , ,"MLSC1218  Lab  NW04 4090 47901      McMullen,H
", , ,"MLSC1218  Lab  NW04 4090 47900      McMullen,H
", 
14:30 - 15:30, , , , , ,"COMM1370  Sem  SW01 4009 48904      Hunter,R","MLSC1218  Lab  NW04 4090 47900      Frawley,E
", , , , , ,"MLSC1218  Lab  NW04 4090 47882      Chen,E
", , ,"COMM1370  Sem  SW01 4009 48906      Hunter,R", ,"MLSC1218  Lab  NW04 4090 47899      Tzou,E
", , 
15:30 - 16:30, , , , , ,"COMM1370  Sem  SW01 4009 48904      Hunter,R","MLSC1218  Lab  NW04 4090 47900      Frawley,E
", , , , , ,"MLSC1218  Lab  NW04 4090 47882      Chen,E
", , ,"COMM1370  Sem  SW01 4009 48906      Hunter,R", ,"MLSC1218  Lab  NW04 4090 47899      Tzou,E
", , 
8,10/26/2026,,,,10/27/2026,,,,10/28/2026,,,,10/29/2026,,,,10/30/2026,,,
,Mon,,,,Tue,,,,Wed,,,,Thu,,,,Fri,,,
Block,MLTS 1 A,MLTS 1 B,MLTS 1 C,MLTS 1 D,MLTS 1 A,MLTS 1 B,MLTS 1 C,MLTS 1 D,MLTS 1 A,MLTS 1 B,MLTS 1 C,MLTS 1 D,MLTS 1 A,MLTS 1 B,MLTS 1 C,MLTS 1 D,MLTS 1 A,MLTS 1 B,MLTS 1 C,MLTS 1 D
8:30 - 9:30,"MLSC1309  Lec  SW03 1710 48977      Lamarre,J
","MLSC1309  Lec  SW03 1710 48977      Macapili,R
","MLSC1309  Lec  SW03 1710 48977      Lamarre,J
","MLSC1309  Lec  SW03 1710 48977      Lamarre,J
","MLSC1218  Lec  SW03 1750 47877      Tzou,E
","MLSC1218  Lec  SW03 1750 47877      Yamamoto,V
","MLSC1218  Lec  SW03 1750 47877      Chen,E
","MLSC1218  Lec  SW03 1750 47877      Chen,E
","BHSC1139  Lec  SW01 1205 47869      Duffy,S","BHSC1139  Lec  SW01 1205 47869      Duffy,S","BHSC1139  Lec  SW01 1205 47869      Duffy,S","BHSC1139  Lec  SW01 1205 47869      Duffy,S","COMM1370  Lec  SW03 1710 48902      Hunter,R","COMM1370  Lec  SW03 1710 48902      Hunter,R","COMM1370  Lec  SW03 1710 48902      Hunter,R","COMM1370  Lec  SW03 1710 48902      Hunter,R","BHSC1310  Lec  SW03 1750 47871      Marshall,K","BHSC1310  Lec  SW03 1750 47871      Marshall,K","BHSC1310  Lec  SW03 1750 47871      Marshall,K","BHSC1310  Lec  SW03 1750 47871      Marshall,K"
9:30 - 10:30,"MLSC1309  Lec  SW03 1710 48977      Lamarre,J
","MLSC1309  Lec  SW03 1710 48977      Macapili,R
","MLSC1309  Lec  SW03 1710 48977      Lamarre,J
","MLSC1309  Lec  SW03 1710 48977      Lamarre,J
","MLSC1218  Lec  SW03 1750 47877      Tzou,E
","MLSC1218  Lec  SW03 1750 47877      Yamamoto,V
","MLSC1218  Lec  SW03 1750 47877      Chen,E
","MLSC1218  Lec  SW03 1750 47877      Chen,E
","BHSC1310  Sem  SW01 2590 47872      Marshall,K","BHSC1139  Sem  SW01 4009 47883      Duffy,S","MLSC1218  Lab  NW04 4090 47900      Tzou,E
","MLSC1309  Lab  NW04 4100 48982      Macapili,R
","MLSC1218  Lec  SW03 1710 47877      Frawley,E
","MLSC1218  Lec  SW03 1710 47877      Ham,K
","MLSC1218  Lec  SW03 1710 47877      Yamamoto,V
","MLSC1218  Lec  SW03 1710 47877      Ham,K
","BHSC1139  Lec  SW03 1750 47869      Duffy,S","BHSC1139  Lec  SW03 1750 47869      Duffy,S","BHSC1139  Lec  SW03 1750 47869      Duffy,S","BHSC1139  Lec  SW03 1750 47869      Duffy,S"
10:30 - 11:30,"BHSC1139  Lec  SW03 1710 47869      Duffy,S","BHSC1139  Lec  SW03 1710 47869      Duffy,S","BHSC1139  Lec  SW03 1710 47869      Duffy,S","BHSC1139  Lec  SW03 1710 47869      Duffy,S","MLSC1309  Lec  SW03 1750 48977      Macapili,R
","MLSC1309  Lec  SW03 1750 48977      Macapili,R
","MLSC1309  Lec  SW03 1750 48977      Macapili,R
","MLSC1309  Lec  SW03 1750 48977      Lamarre,J
","BHSC1139  Sem  SW01 4009 47870      Duffy,S","BHSC1310  Sem  SW01 2590 47887      Marshall,K","MLSC1218  Lab  NW04 4090 47900      Tzou,E
","MLSC1309  Lab  NW04 4100 48982      Macapili,R
","MLSC1218  Lec  SW03 1710 47877      Frawley,E
","MLSC1218  Lec  SW03 1710 47877      Ham,K
","MLSC1218  Lec  SW03 1710 47877      Yamamoto,V
","MLSC1218  Lec  SW03 1710 47877      Ham,K
","BHSC1139  Lec  SW03 1750 47869      Duffy,S","BHSC1139  Lec  SW03 1750 47869      Duffy,S","BHSC1139  Lec  SW03 1750 47869      Duffy,S","BHSC1139  Lec  SW03 1750 47869      Duffy,S"
11:30 - 12:30, , , , , , , , , , , , , , , , , , , , 
12:30 - 13:30,"BHSC1310  Lec  SW03 1710 47871      Marshall,K","BHSC1310  Lec  SW03 1710 47871      Marshall,K","BHSC1310  Lec  SW03 1710 47871      Marshall,K","BHSC1310  Lec  SW03 1710 47871      Marshall,K", ,"MLSC1309  Lab  NW04 4100 48980      Lamarre,J
","COMM1370  Sem  SW01 4009 48905      Hunter,R","MLSC1218  Lab  NW04 4090 47901      Frawley,E
","MLSC1218  Lab  NW04 4090 47882      Yamamoto,V
","MLSC1309  Lab  NW04 4100 48980      Kwan,C
","BHSC1310  Sem  SW01 2004 47889      Marshall,K","BHSC1139  Sem  SW01 4009 47885      Duffy,S","MLSC1309  Lab  NW04 4100 48979      Kwan,C
","COMM1370  Sem  SW01 4009 48904      Hunter,R","MLSC1218  Lab  NW04 4090 47900      Yamamoto,V
", ,"MLSC1309  Lab  NW04 4100 48979      Macapili,R
", , ,"MLSC1218  Lab  NW04 4090 47901      McMullen,H
"
13:30 - 14:30,"BHSC1310  Lec  SW03 1710 47871      Marshall,K","BHSC1310  Lec  SW03 1710 47871      Marshall,K","BHSC1310  Lec  SW03 1710 47871      Marshall,K","BHSC1310  Lec  SW03 1710 47871      Marshall,K", ,"MLSC1309  Lab  NW04 4100 48980      Lamarre,J
","COMM1370  Sem  SW01 4009 48905      Hunter,R","MLSC1218  Lab  NW04 4090 47901      Frawley,E
","MLSC1218  Lab  NW04 4090 47882      Yamamoto,V
","MLSC1309  Lab  NW04 4100 48980      Kwan,C
","BHSC1139  Sem  SW01 4009 47884      Duffy,S","BHSC1310  Sem  SW01 2004 47890      Marshall,K","MLSC1309  Lab  NW04 4100 48979      Kwan,C
","COMM1370  Sem  SW01 4009 48904      Hunter,R","MLSC1218  Lab  NW04 4090 47900      Yamamoto,V
", ,"MLSC1309  Lab  NW04 4100 48979      Macapili,R
", , ,"MLSC1218  Lab  NW04 4090 47901      McMullen,H
"
14:30 - 15:30, , , , ,"COMM1370  Sem  SW01 4009 48903      Hunter,R","MLSC1218  Lab  NW04 4090 47899      Tzou,E
", ,"MLSC1309  Lab  NW04 4100 48982      Kwan,C
", , , , , ,"MLSC1218  Lab  NW04 4090 47899      Frawley,E
","MLSC1309  Lab  NW04 4100 48981      Kwan,C
","COMM1370  Sem  SW01 4009 48906      Hunter,R","MLSC1218  Lab  NW04 4090 47882      Chen,E
", ,"MLSC1309  Lab  NW04 4100 48981      Lamarre,J
", 
15:30 - 16:30, , , , ,"COMM1370  Sem  SW01 4009 48903      Hunter,R","MLSC1218  Lab  NW04 4090 47899      Tzou,E
", ,"MLSC1309  Lab  NW04 4100 48982      Kwan,C
", , , , , ,"MLSC1218  Lab  NW04 4090 47899      Frawley,E
","MLSC1309  Lab  NW04 4100 48981      Kwan,C
","COMM1370  Sem  SW01 4009 48906      Hunter,R","MLSC1218  Lab  NW04 4090 47882      Chen,E
", ,"MLSC1309  Lab  NW04 4100 48981      Lamarre,J
", 
9,11/02/2026,,,,11/03/2026,,,,11/04/2026,,,,11/05/2026,,,,11/06/2026,,,
,Mon,,,,Tue,,,,Wed,,,,Thu,,,,Fri,,,
Block,MLTS 1 A,MLTS 1 B,MLTS 1 C,MLTS 1 D,MLTS 1 A,MLTS 1 B,MLTS 1 C,MLTS 1 D,MLTS 1 A,MLTS 1 B,MLTS 1 C,MLTS 1 D,MLTS 1 A,MLTS 1 B,MLTS 1 C,MLTS 1 D,MLTS 1 A,MLTS 1 B,MLTS 1 C,MLTS 1 D
8:30 - 9:30,"MLSC1309  Lec  SW03 1710 48977      Kwan,C
","MLSC1309  Lec  SW03 1710 48977      Macapili,R
","MLSC1309  Lec  SW03 1710 48977      Macapili,R
","MLSC1309  Lec  SW03 1710 48977      Macapili,R
","MLSC1218  Lec  SW03 1750 47877      Chen,E
","MLSC1218  Lec  SW03 1750 47877      McMullen,H
","MLSC1218  Lec  SW03 1750 47877      McMullen,H
","MLSC1218  Lec  SW03 1750 47877      Chen,E
","BHSC1139  Lec  SW01 1205 47869      Duffy,S","BHSC1139  Lec  SW01 1205 47869      Duffy,S","BHSC1139  Lec  SW01 1205 47869      Duffy,S","BHSC1139  Lec  SW01 1205 47869      Duffy,S","COMM1370  Lec  SW03 1710 48902      Hunter,R","COMM1370  Lec  SW03 1710 48902      Hunter,R","COMM1370  Lec  SW03 1710 48902      Hunter,R","COMM1370  Lec  SW03 1710 48902      Hunter,R","MLSC1309  Lec  SW03 1750 48977      Kwan,C
","MLSC1309  Lec  SW03 1750 48977      Macapili,R
","MLSC1309  Lec  SW03 1750 48977      Kwan,C
","MLSC1309  Lec  SW03 1750 48977      Macapili,R
"
9:30 - 10:30,"MLSC1309  Lec  SW03 1710 48977      Kwan,C
","MLSC1309  Lec  SW03 1710 48977      Macapili,R
","MLSC1309  Lec  SW03 1710 48977      Macapili,R
","MLSC1309  Lec  SW03 1710 48977      Macapili,R
","MLSC1218  Lec  SW03 1750 47877      Chen,E
","MLSC1218  Lec  SW03 1750 47877      McMullen,H
","MLSC1218  Lec  SW03 1750 47877      McMullen,H
","MLSC1218  Lec  SW03 1750 47877      Chen,E
","BHSC1310  Sem  SW01 2590 47872      Marshall,K","MLSC1218  Lab  NW04 4090 47899      McMullen,H
", ,"BHSC1139  Sem  SW01 4009 47885      Duffy,S","MLSC1218  Lec  SW03 1710 47877      Yamamoto,V
","MLSC1218  Lec  SW03 1710 47877      Yamamoto,V
","MLSC1218  Lec  SW03 1710 47877      Yamamoto,V
","MLSC1218  Lec  SW03 1710 47877      Frawley,E
","BHSC1139  Lec  SW03 1750 47869      Duffy,S","BHSC1139  Lec  SW03 1750 47869      Duffy,S","BHSC1139  Lec  SW03 1750 47869      Duffy,S","BHSC1139  Lec  SW03 1750 47869      Duffy,S"
10:30 - 11:30,"BHSC1139  Lec  SW03 1710 47869      Duffy,S","BHSC1139  Lec  SW03 1710 47869      Duffy,S","BHSC1139  Lec  SW03 1710 47869      Duffy,S","BHSC1139  Lec  SW03 1710 47869      Duffy,S","MLSC1309  Lec  SW03 1750 48977      Kwan,C*","MLSC1309  Lec  SW03 1750 48977      Lamarre,J*","MLSC1309  Lec  SW03 1750 48977      Lamarre,J*","MLSC1309  Lec  SW03 1750 48977      Lamarre,J*","BHSC1139  Sem  SW01 4009 47870      Duffy,S","MLSC1218  Lab  NW04 4090 47899      McMullen,H
", ,"BHSC1310  Sem  SW01 2590 47890      Marshall,K","MLSC1218  Lec  SW03 1710 47877      Yamamoto,V
","MLSC1218  Lec  SW03 1710 47877      Yamamoto,V
","MLSC1218  Lec  SW03 1710 47877      Yamamoto,V
","MLSC1218  Lec  SW03 1710 47877      Frawley,E
","BHSC1139  Lec  SW03 1750 47869      Duffy,S","BHSC1139  Lec  SW03 1750 47869      Duffy,S","BHSC1139  Lec  SW03 1750 47869      Duffy,S","BHSC1139  Lec  SW03 1750 47869      Duffy,S"
11:30 - 12:30, , , , , , , , , , , , , , , , , , , , 
12:30 - 13:30,"BHSC1139  Lec  SW03 1710 47869      Duffy,S","BHSC1139  Lec  SW03 1710 47869      Duffy,S","BHSC1139  Lec  SW03 1710 47869      Duffy,S","BHSC1139  Lec  SW03 1710 47869      Duffy,S","COMM1370  Sem  SW01 4009 48903      Hunter,R", ,"MLSC1218  Lab  NW04 4090 47900      McMullen,H
", , ,"BHSC1310  Sem  SW01 2004 47887      Marshall,K","BHSC1139  Sem  SW01 4009 47884      Duffy,S","MLSC1218  Lab  NW04 4090 47901      Tzou,E
", ,"MLSC1218  Lab  NW04 4090 47899      Frawley,E
", ,"COMM1370  Sem  SW01 4009 48906      Hunter,R","MLSC1218  Lab  NW04 4090 47882      McMullen,H
", , , 
13:30 - 14:30,"BHSC1310  Lec  SW03 1710 47871      Marshall,K","BHSC1310  Lec  SW03 1710 47871      Marshall,K","BHSC1310  Lec  SW03 1710 47871      Marshall,K","BHSC1310  Lec  SW03 1710 47871      Marshall,K","COMM1370  Sem  SW01 4009 48903      Hunter,R", ,"MLSC1218  Lab  NW04 4090 47900      McMullen,H
", , ,"BHSC1139  Sem  SW01 4009 47883      Duffy,S","BHSC1310  Sem  SW01 2004 47889      Marshall,K","MLSC1218  Lab  NW04 4090 47901      Tzou,E
", ,"MLSC1218  Lab  NW04 4090 47899      Frawley,E
", ,"COMM1370  Sem  SW01 4009 48906      Hunter,R","MLSC1218  Lab  NW04 4090 47882      McMullen,H
", , , 
14:30 - 15:30,"BHSC1310  Lec  SW03 1710 47871      Marshall,K","BHSC1310  Lec  SW03 1710 47871      Marshall,K","BHSC1310  Lec  SW03 1710 47871      Marshall,K","BHSC1310  Lec  SW03 1710 47871      Marshall,K","MLSC1218  Lab  NW04 4090 47882      Frawley,E
", ,"COMM1370  Sem  SW01 4009 48905      Hunter,R", , , , , , ,"COMM1370  Sem  NE22 106 48904      Hunter,R", ,"MLSC1218  Lab  NW04 4090 47901      Chen,E
", , ,"MLSC1218  Lab  NW04 4090 47900      Chen,E
", 
15:30 - 16:30,,,,,"MLSC1218  Lab  NW04 4090 47882      Frawley,E
", ,"COMM1370  Sem  SW01 4009 48905      Hunter,R", , , , , , ,"COMM1370  Sem  NE22 106 48904      Hunter,R", ,"MLSC1218  Lab  NW04 4090 47901      Chen,E
", , ,"MLSC1218  Lab  NW04 4090 47900      Chen,E
", 
10,11/09/2026,,,,11/10/2026,,,,11/11/2026,,,,11/12/2026,,,,11/13/2026,,,
,Mon,,,,Tue,,,,Wed,,,,Thu,,,,Fri,,,
Block,MLTS 1 A,MLTS 1 B,MLTS 1 C,MLTS 1 D,MLTS 1 A,MLTS 1 B,MLTS 1 C,MLTS 1 D,MLTS 1 A,MLTS 1 B,MLTS 1 C,MLTS 1 D,MLTS 1 A,MLTS 1 B,MLTS 1 C,MLTS 1 D,MLTS 1 A,MLTS 1 B,MLTS 1 C,MLTS 1 D
8:30 - 9:30,"MLSC1218  Lec  SW03 1710 47877      Frawley,E
","MLSC1218  Lec  SW03 1710 47877      McMullen,H
","MLSC1218  Lec  SW03 1710 47877      Tzou,E
","MLSC1218  Lec  SW03 1710 47877      Frawley,E
","MLSC1309  Lec  SW03 1750 48977      Lamarre,J
","MLSC1309  Lec  SW03 1750 48977      Macapili,R
","MLSC1309  Lec  SW03 1750 48977      Macapili,R
","MLSC1309  Lec  SW03 1750 48977      Macapili,R
",Remembrance Day,,,,"COMM1370  Lec  SW03 1710 48902      Hunter,R","COMM1370  Lec  SW03 1710 48902      Hunter,R","COMM1370  Lec  SW03 1710 48902      Hunter,R","COMM1370  Lec  SW03 1710 48902      Hunter,R","BHSC1310  Lec  SW03 1750 47871      Marshall,K","BHSC1310  Lec  SW03 1750 47871      Marshall,K","BHSC1310  Lec  SW03 1750 47871      Marshall,K","BHSC1310  Lec  SW03 1750 47871      Marshall,K"
9:30 - 10:30,"MLSC1218  Lec  SW03 1710 47877      Frawley,E
","MLSC1218  Lec  SW03 1710 47877      McMullen,H
","MLSC1218  Lec  SW03 1710 47877      Tzou,E
","MLSC1218  Lec  SW03 1710 47877      Frawley,E
","MLSC1309  Lec  SW03 1750 48977      Lamarre,J
","MLSC1309  Lec  SW03 1750 48977      Macapili,R
","MLSC1309  Lec  SW03 1750 48977      Macapili,R
","MLSC1309  Lec  SW03 1750 48977      Macapili,R
",,,,,"MLSC1309  Lec  SW03 1710 48977      Macapili,R
","MLSC1309  Lec  SW03 1710 48977      Macapili,R
","MLSC1309  Lec  SW03 1710 48977      Macapili,R
","MLSC1309  Lec  SW03 1710 48977      Kwan,C
","BHSC1310  Lec  SW03 1750 47871      Marshall,K","BHSC1310  Lec  SW03 1750 47871      Marshall,K","BHSC1310  Lec  SW03 1750 47871      Marshall,K","BHSC1310  Lec  SW03 1750 47871      Marshall,K"
10:30 - 11:30,"BHSC1310  Lec  SW03 1710 47871      Marshall,K","BHSC1310  Lec  SW03 1710 47871      Marshall,K","BHSC1310  Lec  SW03 1710 47871      Marshall,K","BHSC1310  Lec  SW03 1710 47871      Marshall,K","MLSC1218  Lec  SW03 1750 47877      Chen,E
","MLSC1218  Lec  SW03 1750 47877      Tzou,E
","MLSC1218  Lec  SW03 1750 47877      Tzou,E
","MLSC1218  Lec  SW03 1750 47877      Tzou,E
",,,,,"MLSC1218  Lec  SW03 1710 47877      Frawley,E
","MLSC1218  Lec  SW03 1710 47877      Yamamoto,V
","MLSC1218  Lec  SW03 1710 47877      Chen,E
","MLSC1218  Lec  SW03 1710 47877      Chen,E
","BHSC1139  Lec  SW03 1750 47869      Duffy,S","BHSC1139  Lec  SW03 1750 47869      Duffy,S","BHSC1139  Lec  SW03 1750 47869      Duffy,S","BHSC1139  Lec  SW03 1750 47869      Duffy,S"
11:30 - 12:30, , , , , , , , ,,,,, , , , , , , , 
12:30 - 13:30,"MLSC1309  Lab  NW04 4100 48979      Lamarre,J
","MLSC1218  Lab  NW04 4090 47899      Chen,E
", , ,"MLSC1309  Lab  NW04 4100 48979      Macapili,R
", ,"MLSC1218  Lab  NW04 4090 47900      Frawley,E
","COMM1370  Sem  SW01 4009 48906      Hunter,R",,,,,"COMM1370  Sem  SW01 4009 48903      Hunter,R", ,"MLSC1309  Lab  NW04 4100 48981      Lamarre,J
","MLSC1218  Lab  NW04 4090 47901      Chen,E
","MLSC1218  Lab  NW04 4090 47882      Frawley,E
","BHSC1139  Sem  NE25 115 47883      Duffy,S","MLSC1309  Lab  NW04 4100 48981      Macapili,R
","BHSC1310  Sem  NE25 116 47890      Marshall,K"
13:30 - 14:30,"MLSC1309  Lab  NW04 4100 48979      Lamarre,J
","MLSC1218  Lab  NW04 4090 47899      Chen,E
", , ,"MLSC1309  Lab  NW04 4100 48979      Macapili,R
", ,"MLSC1218  Lab  NW04 4090 47900      Frawley,E
","COMM1370  Sem  SW01 4009 48906      Hunter,R",,,,,"COMM1370  Sem  SW01 4009 48903      Hunter,R", ,"MLSC1309  Lab  NW04 4100 48981      Lamarre,J
","MLSC1218  Lab  NW04 4090 47901      Chen,E
","MLSC1218  Lab  NW04 4090 47882      Frawley,E
","BHSC1310  Sem  NE25 116 47887      Marshall,K","MLSC1309  Lab  NW04 4100 48981      Macapili,R
","BHSC1139  Sem  NE25 115 47885      Duffy,S"
14:30 - 15:30,"MLSC1218  Lab  NW04 4090 47882      Yamamoto,V
","MLSC1309  Lab  NW04 4100 48980      Macapili,R
", , , ,"MLSC1309  Lab  NW04 4100 48980      Kwan,C
","COMM1370  Sem  SW01 4009 48905      Hunter,R","MLSC1218  Lab  NW04 4090 47901      Yamamoto,V
",,,,, ,"COMM1370  Sem  SW01 4009 48904      Hunter,R","MLSC1218  Lab  NW04 4090 47900      Chen,E
","MLSC1309  Lab  NW04 4100 48982      Lamarre,J
","BHSC1310  Sem  NE25 116 47872      Marshall,K","MLSC1218  Lab  NW04 4090 47899      Chen,E
","BHSC1139  Sem  NE25 115 47884      Duffy,S","MLSC1309  Lab  NW04 4100 48982      Macapili,R
"
15:30 - 16:30,"MLSC1218  Lab  NW04 4090 47882      Yamamoto,V
","MLSC1309  Lab  NW04 4100 48980      Macapili,R
", , , ,"MLSC1309  Lab  NW04 4100 48980      Kwan,C
","COMM1370  Sem  SW01 4009 48905      Hunter,R","MLSC1218  Lab  NW04 4090 47901      Yamamoto,V
",,,,, ,"COMM1370  Sem  SW01 4009 48904      Hunter,R","MLSC1218  Lab  NW04 4090 47900      Chen,E
","MLSC1309  Lab  NW04 4100 48982      Lamarre,J
","BHSC1139  Sem  NE25 115 47870      Duffy,S","MLSC1218  Lab  NW04 4090 47899      Chen,E
","BHSC1310  Sem  NE25 116 47889      Marshall,K","MLSC1309  Lab  NW04 4100 48982      Macapili,R
"
11,11/16/2026,,,,11/17/2026,,,,11/18/2026,,,,11/19/2026,,,,11/20/2026,,,
,Mon,,,,Tue,,,,Wed,,,,Thu,,,,Fri,,,
Block,MLTS 1 A,MLTS 1 B,MLTS 1 C,MLTS 1 D,MLTS 1 A,MLTS 1 B,MLTS 1 C,MLTS 1 D,MLTS 1 A,MLTS 1 B,MLTS 1 C,MLTS 1 D,MLTS 1 A,MLTS 1 B,MLTS 1 C,MLTS 1 D,MLTS 1 A,MLTS 1 B,MLTS 1 C,MLTS 1 D
8:30 - 9:30,"MLSC1309  Lec  SW03 1710 48977      Lamarre,J
","MLSC1309  Lec  SW03 1710 48977      Lamarre,J
","MLSC1309  Lec  SW03 1710 48977      Lamarre,J
","MLSC1309  Lec  SW03 1710 48977      Lamarre,J
","MLSC1309  Lec  SW03 1750 48977      Lamarre,J
","MLSC1309  Lec  SW03 1750 48977      Lamarre,J
","MLSC1309  Lec  SW03 1750 48977      Lamarre,J
","MLSC1309  Lec  SW03 1750 48977      Lamarre,J
","BHSC1139  Lec  SW01 1205 47869      Duffy,S","BHSC1139  Lec  SW01 1205 47869      Duffy,S","BHSC1139  Lec  SW01 1205 47869      Duffy,S","BHSC1139  Lec  SW01 1205 47869      Duffy,S","COMM1370  Lec  SW03 1710 48902      Hunter,R","COMM1370  Lec  SW03 1710 48902      Hunter,R","COMM1370  Lec  SW03 1710 48902      Hunter,R","COMM1370  Lec  SW03 1710 48902      Hunter,R","BHSC1310  Lec  SW03 1750 47871      Marshall,K","BHSC1310  Lec  SW03 1750 47871      Marshall,K","BHSC1310  Lec  SW03 1750 47871      Marshall,K","BHSC1310  Lec  SW03 1750 47871      Marshall,K"
9:30 - 10:30,"MLSC1309  Lec  SW03 1710 48977      Lamarre,J
","MLSC1309  Lec  SW03 1710 48977      Lamarre,J
","MLSC1309  Lec  SW03 1710 48977      Lamarre,J
","MLSC1309  Lec  SW03 1710 48977      Lamarre,J
", ,"MLSC1309  Lab  NW04 4100 48980      Lamarre,J
","MLSC1218  Lab *NE22 105 47900      Frawley,E*","MLSC1218  Lab *NE22 105 47901      Yamamoto,V*","BHSC1310  Sem  SW01 2590 47872      Marshall,K","MLSC1309  Lab  NW04 4100 48980      Macapili,R
","BHSC1139  Sem  SW01 4009 47884      Duffy,S","MLSC1218  Lab  NW04 4090 47901      Yamamoto,V
","MLSC1218  Lec  SW03 1710 47877      Yamamoto,V
","MLSC1218  Lec  SW03 1710 47877      Ham,K
","MLSC1218  Lec  SW03 1710 47877      Frawley,E
","MLSC1218  Lec  SW03 1710 47877      Frawley,E
","BHSC1310  Lec  SW03 1750 47871      Marshall,K","BHSC1310  Lec  SW03 1750 47871      Marshall,K","BHSC1310  Lec  SW03 1750 47871      Marshall,K","BHSC1310  Lec  SW03 1750 47871      Marshall,K"
10:30 - 11:30,"BHSC1139  Lec  SW03 1710 47869      Duffy,S","BHSC1139  Lec  SW03 1710 47869      Duffy,S","BHSC1139  Lec  SW03 1710 47869      Duffy,S","BHSC1139  Lec  SW03 1710 47869      Duffy,S", ,"MLSC1309  Lab  NW04 4100 48980      Lamarre,J
","MLSC1218  Lab *NE22 105 47900      Frawley,E*","MLSC1218  Lab *NE22 105 47901      Yamamoto,V*","BHSC1139  Sem  SW01 4009 47870      Duffy,S","MLSC1309  Lab  NW04 4100 48980      Macapili,R
","BHSC1310  Sem  SW01 2590 47889      Marshall,K","MLSC1218  Lab  NW04 4090 47901      Yamamoto,V
","MLSC1218  Lec  SW03 1710 47877      Yamamoto,V
","MLSC1218  Lec  SW03 1710 47877      Ham,K
","MLSC1218  Lec  SW03 1710 47877      Frawley,E
","MLSC1218  Lec  SW03 1710 47877      Frawley,E
","MLSC1218  Lec  SW03 1750 47877      Chen,E
","MLSC1218  Lec  SW03 1750 47877      Tzou,E
","MLSC1218  Lec  SW03 1750 47877      Tzou,E
","MLSC1218  Lec  SW03 1750 47877      Ham,K
"
11:30 - 12:30, , , , , , , , , , , , , , , , , , , , 
12:30 - 13:30,"MLSC1218  Lab *NE22 105 47882      Tzou,E*","MLSC1218  Lab *NE22 105 47899      Tzou,E*", , , ,"MLSC1218  Lab  NW04 4090 47899      Yamamoto,V
","MLSC1309  Lab  NW04 4100 48981      Lamarre,J
","COMM1370  Sem  SW01 4009 48906      Hunter,R","MLSC1218  Lab  NW04 4090 47882      Yamamoto,V
","BHSC1310  Sem  SW01 2004 47887      Marshall,K","MLSC1309  Lab  NW04 4100 48981      Kwan,C
","BHSC1139  Sem  SW01 4009 47885      Duffy,S","COMM1370  Sem  SW01 4009 48903      Hunter,R", ,"MLSC1218  Lab  NW04 4090 47900      Tzou,E
","MLSC1309  Lab  NW04 4100 48982      Kwan,C
","MLSC1218  Lab  NW04 4090 47882      Tzou,E
", , ,"MLSC1309  Lab  NW04 4100 48982      Lamarre,J
"
13:30 - 14:30,"MLSC1218  Lab *NE22 105 47882      Tzou,E*","MLSC1218  Lab *NE22 105 47899      Tzou,E*", , , ,"MLSC1218  Lab  NW04 4090 47899      Yamamoto,V
","MLSC1309  Lab  NW04 4100 48981      Lamarre,J
","COMM1370  Sem  SW01 4009 48906      Hunter,R","MLSC1218  Lab  NW04 4090 47882      Yamamoto,V
","BHSC1139  Sem  SW01 4009 47883      Duffy,S","MLSC1309  Lab  NW04 4100 48981      Kwan,C
","BHSC1310  Sem  SW01 2004 47890      Marshall,K","COMM1370  Sem  SW01 4009 48903      Hunter,R", ,"MLSC1218  Lab  NW04 4090 47900      Tzou,E
","MLSC1309  Lab  NW04 4100 48982      Kwan,C
","MLSC1218  Lab  NW04 4090 47882      Tzou,E
", , ,"MLSC1309  Lab  NW04 4100 48982      Lamarre,J
"
14:30 - 15:30, , , , , ,"COMM1370  Sem  SW01 4009 48904      Hunter,R","MLSC1218  Lab  NW04 4090 47900      Yamamoto,V
", , , , , ,"MLSC1309  Lab  NW04 4100 48979      Lamarre,J
","MLSC1218  Lab  NW04 4090 47899      Yamamoto,V
","COMM1370  Sem  SW01 4009 48905      Hunter,R", ,"MLSC1309  Lab  NW04 4100 48979      Macapili,R
", , ,"MLSC1218  Lab  NW04 4090 47901      Yamamoto,V
"
15:30 - 16:30, , , , , ,"COMM1370  Sem  SW01 4009 48904      Hunter,R","MLSC1218  Lab  NW04 4090 47900      Yamamoto,V
", , , , , ,"MLSC1309  Lab  NW04 4100 48979      Lamarre,J
","MLSC1218  Lab  NW04 4090 47899      Yamamoto,V
","COMM1370  Sem  SW01 4009 48905      Hunter,R", ,"MLSC1309  Lab  NW04 4100 48979      Macapili,R
", , ,"MLSC1218  Lab  NW04 4090 47901      Yamamoto,V
"
12,11/23/2026,,,,11/24/2026,,,,11/25/2026,,,,11/26/2026,,,,11/27/2026,,,
,Mon,,,,Tue,,,,Wed,,,,Thu,,,,Fri,,,
Block,MLTS 1 A,MLTS 1 B,MLTS 1 C,MLTS 1 D,MLTS 1 A,MLTS 1 B,MLTS 1 C,MLTS 1 D,MLTS 1 A,MLTS 1 B,MLTS 1 C,MLTS 1 D,MLTS 1 A,MLTS 1 B,MLTS 1 C,MLTS 1 D,MLTS 1 A,MLTS 1 B,MLTS 1 C,MLTS 1 D
8:30 - 9:30,"MLSC1309  Lec  SW03 1710 48977      Macapili,R
","MLSC1309  Lec  SW03 1710 48977      Kwan,C
","MLSC1309  Lec  SW03 1710 48977      Kwan,C
","MLSC1309  Lec  SW03 1710 48977      Lamarre,J
","MLSC1218  Lec  SW03 1750 47877      McMullen,H
","MLSC1218  Lec  SW03 1750 47877      Frawley,E
","MLSC1218  Lec  SW03 1750 47877      Frawley,E
","MLSC1218  Lec  SW03 1750 47877      Frawley,E
","BHSC1139  Lec  SW01 1205 47869      Duffy,S","BHSC1139  Lec  SW01 1205 47869      Duffy,S","BHSC1139  Lec  SW01 1205 47869      Duffy,S","BHSC1139  Lec  SW01 1205 47869      Duffy,S","COMM1370  Lec  SW03 1710 48902      Hunter,R","COMM1370  Lec  SW03 1710 48902      Hunter,R","COMM1370  Lec  SW03 1710 48902      Hunter,R","COMM1370  Lec  SW03 1710 48902      Hunter,R","BHSC1310  Lec  SW03 1750 47871      Marshall,K","BHSC1310  Lec  SW03 1750 47871      Marshall,K","BHSC1310  Lec  SW03 1750 47871      Marshall,K","BHSC1310  Lec  SW03 1750 47871      Marshall,K"
9:30 - 10:30,"MLSC1309  Lec  SW03 1710 48977      Macapili,R
","MLSC1309  Lec  SW03 1710 48977      Kwan,C
","MLSC1309  Lec  SW03 1710 48977      Kwan,C
","MLSC1309  Lec  SW03 1710 48977      Lamarre,J
","MLSC1218  Lec  SW03 1750 47877      McMullen,H
","MLSC1218  Lec  SW03 1750 47877      Frawley,E
","MLSC1218  Lec  SW03 1750 47877      Frawley,E
","MLSC1218  Lec  SW03 1750 47877      Frawley,E
","MLSC1218  Lab  NW04 4090 47882      Chen,E
","BHSC1310  Sem  SW01 2590 47887      Marshall,K","BHSC1139  Sem  SW01 4009 47884      Duffy,S","MLSC1309  Lab  NW04 4100 48982      Macapili,R
","MLSC1309  Lab  NW04 4100 48979      Macapili,R
", ,"MLSC1218  Lab  NW04 4090 47900      Frawley,E
", ,"MLSC1309  Lab  NW04 4100 48979      Macapili,R
","MLSC1218  Lab  NW04 4090 47899      Frawley,E
", , 
10:30 - 11:30,"BHSC1139  Lec  SW03 1710 47869      Duffy,S","BHSC1139  Lec  SW03 1710 47869      Duffy,S","BHSC1139  Lec  SW03 1710 47869      Duffy,S","BHSC1139  Lec  SW03 1710 47869      Duffy,S","MLSC1218  Lec  SW03 1750 47877      McMullen,H
","MLSC1218  Lec  SW03 1750 47877      Frawley,E
","MLSC1218  Lec  SW03 1750 47877      Frawley,E
","MLSC1218  Lec  SW03 1750 47877      Frawley,E
","MLSC1218  Lab  NW04 4090 47882      Chen,E
","BHSC1139  Sem  SW01 4009 47883      Duffy,S","BHSC1310  Sem  SW01 2590 47889      Marshall,K","MLSC1309  Lab  NW04 4100 48982      Macapili,R
","MLSC1309  Lab  NW04 4100 48979      Macapili,R
", ,"MLSC1218  Lab  NW04 4090 47900      Frawley,E
", ,"MLSC1309  Lab  NW04 4100 48979      Macapili,R
","MLSC1218  Lab  NW04 4090 47899      Frawley,E
", , 
11:30 - 12:30, , , , , , , , , , , , , , , , , , , , 
12:30 - 13:30,"BHSC1139  Lec  SW03 1710 47869      Duffy,S","BHSC1139  Lec  SW03 1710 47869      Duffy,S","BHSC1139  Lec  SW03 1710 47869      Duffy,S","BHSC1139  Lec  SW03 1710 47869      Duffy,S", ,"COMM1370  Sem  SW01 4009 48904      Hunter,R","MLSC1309  Lab  NW04 4100 48981      Kwan,C
","MLSC1218  Lab  NW04 4090 47901      Frawley,E
","BHSC1310  Sem  SW01 2004 47872      Marshall,K","MLSC1218  Lab  NW04 4090 47899      McMullen,H
","MLSC1309  Lab  NW04 4100 48981      Lamarre,J
","BHSC1139  Sem  SW01 4009 47885      Duffy,S", ,"MLSC1309  Lab  NW04 4100 48980      Lamarre,J
","COMM1370  Sem  SW01 4009 48905      Hunter,R","MLSC1218  Lab  NW04 4090 47901      Chen,E
","MLSC1218  Lab  NW04 4090 47882      Chen,E
","MLSC1309  Lab  NW04 4100 48980      Lamarre,J
", , 
13:30 - 14:30,"BHSC1310  Lec  SW03 1710 47871      Marshall,K","BHSC1310  Lec  SW03 1710 47871      Marshall,K","BHSC1310  Lec  SW03 1710 47871      Marshall,K","BHSC1310  Lec  SW03 1710 47871      Marshall,K", ,"COMM1370  Sem  SW01 4009 48904      Hunter,R","MLSC1309  Lab  NW04 4100 48981      Kwan,C
","MLSC1218  Lab  NW04 4090 47901      Frawley,E
","BHSC1139  Sem  SW01 4009 47870      Duffy,S","MLSC1218  Lab  NW04 4090 47899      McMullen,H
","MLSC1309  Lab  NW04 4100 48981      Lamarre,J
","BHSC1310  Sem  SW01 2004 47890      Marshall,K", ,"MLSC1309  Lab  NW04 4100 48980      Lamarre,J
","COMM1370  Sem  SW01 4009 48905      Hunter,R","MLSC1218  Lab  NW04 4090 47901      Chen,E
","MLSC1218  Lab  NW04 4090 47882      Chen,E
","MLSC1309  Lab  NW04 4100 48980      Lamarre,J
", , 
14:30 - 15:30,"BHSC1310  Lec  SW03 1710 47871      Marshall,K","BHSC1310  Lec  SW03 1710 47871      Marshall,K","BHSC1310  Lec  SW03 1710 47871      Marshall,K","BHSC1310  Lec  SW03 1710 47871      Marshall,K","COMM1370  Sem  SW01 4009 48903      Hunter,R", ,"MLSC1218  Lab  NW04 4090 47900      McMullen,H
","MLSC1309  Lab  NW04 4100 48982      Kwan,C
", , , , , , , ,"COMM1370  Sem  SW01 4009 48906      Hunter,R", , , , 
15:30 - 16:30, , , , ,"COMM1370  Sem  SW01 4009 48903      Hunter,R", ,"MLSC1218  Lab  NW04 4090 47900      McMullen,H
","MLSC1309  Lab  NW04 4100 48982      Kwan,C
", , , , , , , ,"COMM1370  Sem  SW01 4009 48906      Hunter,R", , , , 
13,11/30/2026,,,,12/01/2026,,,,12/02/2026,,,,12/03/2026,,,,12/04/2026,,,
,Mon,,,,Tue,,,,Wed,,,,Thu,,,,Fri,,,
Block,MLTS 1 A,MLTS 1 B,MLTS 1 C,MLTS 1 D,MLTS 1 A,MLTS 1 B,MLTS 1 C,MLTS 1 D,MLTS 1 A,MLTS 1 B,MLTS 1 C,MLTS 1 D,MLTS 1 A,MLTS 1 B,MLTS 1 C,MLTS 1 D,MLTS 1 A,MLTS 1 B,MLTS 1 C,MLTS 1 D
8:30 - 9:30,"MLSC1309  Lec  SW03 1710 48977      Macapili,R
","MLSC1309  Lec  SW03 1710 48977      Kwan,C
","MLSC1309  Lec  SW03 1710 48977      Kwan,C
","MLSC1309  Lec  SW03 1710 48977      Lamarre,J
","MLSC1218  Lec  SW03 1750 47877      Tzou,E
","MLSC1218  Lec  SW03 1750 47877      Frawley,E
","MLSC1218  Lec  SW03 1750 47877      Frawley,E
","MLSC1218  Lec  SW03 1750 47877      Frawley,E
","BHSC1139  Lec  SW01 1205 47869      Duffy,S","BHSC1139  Lec  SW01 1205 47869      Duffy,S","BHSC1139  Lec  SW01 1205 47869      Duffy,S","BHSC1139  Lec  SW01 1205 47869      Duffy,S","COMM1370  Lec  SW03 1710 48902      Hunter,R","COMM1370  Lec  SW03 1710 48902      Hunter,R","COMM1370  Lec  SW03 1710 48902      Hunter,R","COMM1370  Lec  SW03 1710 48902      Hunter,R","BHSC1139  Lec  SW03 1750 47869      Duffy,S","BHSC1139  Lec  SW03 1750 47869      Duffy,S","BHSC1139  Lec  SW03 1750 47869      Duffy,S","BHSC1139  Lec  SW03 1750 47869      Duffy,S"
9:30 - 10:30,"MLSC1309  Lec  SW03 1710 48977      Macapili,R
","MLSC1309  Lec  SW03 1710 48977      Kwan,C
","MLSC1309  Lec  SW03 1710 48977      Kwan,C
","MLSC1309  Lec  SW03 1710 48977      Lamarre,J
","MLSC1218  Lec  SW03 1750 47877      Tzou,E
","MLSC1218  Lec  SW03 1750 47877      Frawley,E
","MLSC1218  Lec  SW03 1750 47877      Frawley,E
","MLSC1218  Lec  SW03 1750 47877      Frawley,E
","MLSC1309  Lab  NW04 4100 48979      Kwan,C
","BHSC1310  Sem  SW01 2590 47887      Marshall,K", ,"MLSC1218  Lab  NW04 4090 47901      Frawley,E
","MLSC1218  Lec  SW03 1710 47877      Frawley,E
","MLSC1218  Lec  SW03 1710 47877      Chen,E
","MLSC1218  Lec  SW03 1710 47877      Chen,E
","MLSC1218  Lec  SW03 1710 47877      McMullen,H
","BHSC1139  Sem  NE25 115 47870      Duffy,S","MLSC1218  Lab  NW04 4090 47899      Tzou,E
", , 
10:30 - 11:30,"BHSC1139  Lec  SW03 1710 47869      Duffy,S","BHSC1139  Lec  SW03 1710 47869      Duffy,S","BHSC1139  Lec  SW03 1710 47869      Duffy,S","BHSC1139  Lec  SW03 1710 47869      Duffy,S","MLSC1218  Lec  SW03 1750 47877      Tzou,E
","MLSC1218  Lec  SW03 1750 47877      Frawley,E
","MLSC1218  Lec  SW03 1750 47877      Frawley,E
","MLSC1218  Lec  SW03 1750 47877      Frawley,E
","BHSC1310  Sem  SW01 2590 47872      Marshall,K","BHSC1139  Sem  SW01 4009 47883      Duffy,S","MLSC1309  Lab  NW04 4100 48981      Kwan,C
","MLSC1218  Lab  NW04 4090 47901      Frawley,E
","MLSC1218  Lec  SW03 1710 47877      Frawley,E
","MLSC1218  Lec  SW03 1710 47877      Chen,E
","MLSC1218  Lec  SW03 1710 47877      Chen,E
","MLSC1218  Lec  SW03 1710 47877      McMullen,H
",,"MLSC1218  Lab  NW04 4090 47899      Tzou,E
", ,"BHSC1139  Sem  NE25 115 47885      Duffy,S"
11:30 - 12:30, , , , , , , , , , , , , , , , , , , , 
12:30 - 13:30,"BHSC1139  Lec  SW03 1710 47869      Duffy,S","BHSC1139  Lec  SW03 1710 47869      Duffy,S","BHSC1139  Lec  SW03 1710 47869      Duffy,S","BHSC1139  Lec  SW03 1710 47869      Duffy,S", ,"MLSC1218  Lab  NW04 4090 47899      Frawley,E
","COMM1370  Sem  SW01 4009 48905      Hunter,R", ,"MLSC1218  Lab  NW04 4090 47882      Frawley,E
","MLSC1309  Lab  NW04 4100 48980      Kwan,C
","BHSC1139  Sem  SW01 4009 47884      Duffy,S","BHSC1310  Sem  SW01 2004 47890      Marshall,K", , ,"MLSC1218  Lab  NW04 4090 47900      Yamamoto,V
","COMM1370  Sem  SW01 4009 48906      Hunter,R","MLSC1218  Lab  NW04 4090 47882      Tzou,E
", , ,
13:30 - 14:30,"BHSC1310  Lec  SW03 1710 47871      Marshall,K","BHSC1310  Lec  SW03 1710 47871      Marshall,K","BHSC1310  Lec  SW03 1710 47871      Marshall,K","BHSC1310  Lec  SW03 1710 47871      Marshall,K", ,"MLSC1218  Lab  NW04 4090 47899      Frawley,E
","COMM1370  Sem  SW01 4009 48905      Hunter,R", ,"MLSC1218  Lab  NW04 4090 47882      Frawley,E
", ,"BHSC1310  Sem  SW01 2004 47889      Marshall,K","MLSC1309  Lab  NW04 4100 48982      Lamarre,J
", , ,"MLSC1218  Lab  NW04 4090 47900      Yamamoto,V
","COMM1370  Sem  SW01 4009 48906      Hunter,R","MLSC1218  Lab  NW04 4090 47882      Tzou,E
", , , 
14:30 - 15:30,"BHSC1310  Lec  SW03 1710 47871      Marshall,K","BHSC1310  Lec  SW03 1710 47871      Marshall,K","BHSC1310  Lec  SW03 1710 47871      Marshall,K","BHSC1310  Lec  SW03 1710 47871      Marshall,K", ,"COMM1370  Sem  SW01 4009 48904      Hunter,R","MLSC1218  Lab  NW04 4090 47900      Frawley,E
", , , , , ,"COMM1370  Sem  SW01 4011 48903      Hunter,R", , ,"MLSC1218  Lab  NW04 4090 47901      Frawley,E
", , , , 
15:30 - 16:30, , , , , ,"COMM1370  Sem  SW01 4009 48904      Hunter,R","MLSC1218  Lab  NW04 4090 47900      Frawley,E
", , , , , ,"COMM1370  Sem  SW01 4011 48903      Hunter,R", , ,"MLSC1218  Lab  NW04 4090 47901      Frawley,E
", , , , 
14,12/07/2026,,,,12/08/2026,,,,12/09/2026,,,,12/10/2026,,,,12/11/2026,,,
,Mon,,,,Tue,,,,Wed,,,,Thu,,,,Fri,,,
Block,MLTS 1 A,MLTS 1 B,MLTS 1 C,MLTS 1 D,MLTS 1 A,MLTS 1 B,MLTS 1 C,MLTS 1 D,MLTS 1 A,MLTS 1 B,MLTS 1 C,MLTS 1 D,MLTS 1 A,MLTS 1 B,MLTS 1 C,MLTS 1 D,MLTS 1 A,MLTS 1 B,MLTS 1 C,MLTS 1 D
8:30 - 9:30,Final Exams,,,,,,,,,,,,,,,,,,,
9:30 - 10:30,,,,,,,,,,,,,,,,,,,,
10:30 - 11:30,,,,,,,,,,,,,,,,,,,,
11:30 - 12:30,,,,,,,,,,,,,,,,,,,,
12:30 - 13:30,,,,,,,,,,,,,,,,,,,,
13:30 - 14:30,,,,,,,,,,,,,,,,,,,,
14:30 - 15:30,,,,,,,,,,,,,,,,,,,,
15:30 - 16:30,,,,,,,,,,,,,,,,,,,,
