Subject,Start Date,Start Time,End Date,End Time,Description,Location
MLSC1218 Lec,10/05/2026,8:30,10/05/2026,9:30,"MLSC1218  Lec  SW03 1710 47877      Yamamoto,V",MLSC1218  L
MLSC1218 Lec,10/06/2026,8:30,10/06/2026,9:30,"MLSC1218  Lec  SW03 1750 47877      Yamamoto,V",MLSC1218  L
BHSC1139 Lec,10/07/2026,8:30,10/07/2026,9:30,"BHSC1139  Lec  SW01 1205 47869      Duffy,S",BHSC1139  L
COMM1370 Lec,10/08/2026,8:30,10/08/2026,9:30,"COMM1370  Lec  SW03 1710 48902      Hunter,R",COMM1370  L
MLSC1309 Lec,10/09/2026,8:30,10/09/2026,9:30,"MLSC1309  Lec  SW03 1750 48977      Macapili,R",MLSC1309  L
MLSC1218 Lec,10/05/2026,9:30,10/05/2026,10:30,"MLSC1218  Lec  SW03 1710 47877      Yamamoto,V",MLSC1218  L
MLSC1218 Lec,10/06/2026,9:30,10/06/2026,10:30,"MLSC1218  Lec  SW03 1750 47877      Yamamoto,V",MLSC1218  L
MLSC1218 Lab,10/07/2026,9:30,10/07/2026,10:30,"MLSC1218  Lab  NW04 4090 47900      Frawley,E",MLSC1218  L
MLSC1314 Lec,10/08/2026,9:30,10/08/2026,10:30,"MLSC1314  Lec  SW03 1710 47878      Chen,E",MLSC1314  L
MLSC1309 Lab,10/09/2026,9:30,10/09/2026,10:30,"MLSC1309  Lab  NW04 4100 48981      Lamarre,J",MLSC1309  L
MLSC1314 Lec,10/05/2026,10:30,10/05/2026,11:30,"MLSC1314  Lec  SW03 1710 47878      Chen,E",MLSC1314  L
MLSC1309 Lec,10/06/2026,10:30,10/06/2026,11:30,"MLSC1309  Lec  SW03 1750 48977      Macapili,R",MLSC1309  L
MLSC1218 Lab,10/07/2026,10:30,10/07/2026,11:30,"MLSC1218  Lab  NW04 4090 47900      Frawley,E",MLSC1218  L
MLSC1314 Lec,10/08/2026,10:30,10/08/2026,11:30,"MLSC1314  Lec  SW03 1710 47878      Chen,E",MLSC1314  L
MLSC1309 Lab,10/09/2026,10:30,10/09/2026,11:30,"MLSC1309  Lab  NW04 4100 48981      Lamarre,J",MLSC1309  L
MLSC1314 Lec,10/05/2026,11:30,10/05/2026,12:30,"MLSC1314  Lec  SW03 1710 47878      Chen,E",MLSC1314  L
BHSC1310 Sem,10/07/2026,12:30,10/07/2026,13:30,"BHSC1310  Sem  SW01 2004 47889      Marshall,K",BHSC1310  S
MLSC1309 Lab,10/08/2026,12:30,10/08/2026,13:30,"MLSC1309  Lab  NW04 4100 48981      Lamarre,J",MLSC1309  L
BHSC1139 Sem,10/09/2026,12:30,10/09/2026,13:30,"BHSC1139  Sem *NE22 105 47884      Duffy,S",BHSC1139  S
BHSC1310 Lec,10/05/2026,13:30,10/05/2026,14:30,"BHSC1310  Lec  SW03 1710 47871      Marshall,K",BHSC1310  L
BHSC1139 Sem,10/07/2026,13:30,10/07/2026,14:30,"BHSC1139  Sem  SW01 4072 47884      Duffy,S",BHSC1139  S
MLSC1309 Lab,10/08/2026,13:30,10/08/2026,14:30,"MLSC1309  Lab  NW04 4100 48981      Lamarre,J",MLSC1309  L
BHSC1139 Sem,10/09/2026,13:30,10/09/2026,14:30,"BHSC1139  Sem *NE22 105 47884      Duffy,S",BHSC1139  S
BHSC1310 Lec,10/05/2026,14:30,10/05/2026,15:30,"BHSC1310  Lec  SW03 1710 47871      Marshall,K",BHSC1310  L
COMM1370 Sem,10/06/2026,14:30,10/06/2026,15:30,"COMM1370  Sem  SW01 4009 48905      Hunter,R",COMM1370  S
MLSC1218 Lab,10/08/2026,14:30,10/08/2026,15:30,"MLSC1218  Lab  NW04 4090 47900      Frawley,E",MLSC1218  L
COMM1370 Sem,10/06/2026,15:30,10/06/2026,16:30,"COMM1370  Sem  SW01 4009 48905      Hunter,R",COMM1370  S
MLSC1218 Lab,10/08/2026,15:30,10/08/2026,16:30,"MLSC1218  Lab  NW04 4090 47900      Frawley,E",MLSC1218  L
MLSC1309 Lec,10/13/2026,8:30,10/13/2026,9:30,"MLSC1309  Lec  SW03 1750 48977      Lamarre,J",MLSC1309  L
BHSC1139 Lec,10/14/2026,8:30,10/14/2026,9:30,"BHSC1139  Lec  SW01 1205 47869      Duffy,S",BHSC1139  L
COMM1370 Lec,10/15/2026,8:30,10/15/2026,9:30,"COMM1370  Lec  SW03 1710 48902      Hunter,R",COMM1370  L
MLSC1218 Lec,10/16/2026,8:30,10/16/2026,9:30,"MLSC1218  Lec  SW03 1750 47877      Frawley,E",MLSC1218  L
MLSC1309 Lec,10/13/2026,9:30,10/13/2026,10:30,"MLSC1309  Lec  SW03 1750 48977      Lamarre,J",MLSC1309  L
MLSC1218 Lab,10/14/2026,9:30,10/14/2026,10:30,"MLSC1218  Lab  NW04 4090 47900      Chen,E",MLSC1218  L
MLSC1218 Lec,10/15/2026,9:30,10/15/2026,10:30,"MLSC1218  Lec  SW03 1710 47877      Frawley,E",MLSC1218  L
MLSC1314 Lec,10/16/2026,9:30,10/16/2026,10:30,"MLSC1314  Lec  SW03 1750 47878      Chen,E",MLSC1314  L
MLSC1218 Lec,10/13/2026,10:30,10/13/2026,11:30,"MLSC1218  Lec  SW03 1750 47877      Frawley,E",MLSC1218  L
MLSC1218 Lab,10/14/2026,10:30,10/14/2026,11:30,"MLSC1218  Lab  NW04 4090 47900      Chen,E",MLSC1218  L
MLSC1218 Lec,10/15/2026,10:30,10/15/2026,11:30,"MLSC1218  Lec  SW03 1710 47877      Frawley,E",MLSC1218  L
MLSC1314 Lec,10/16/2026,10:30,10/16/2026,11:30,"MLSC1314  Lec  SW03 1750 47878      Chen,E",MLSC1314  L
BHSC1310 Sem,10/14/2026,12:30,10/14/2026,13:30,"BHSC1310  Sem  SW01 2004 47889      Marshall,K",BHSC1310  S
MLSC1218 Lab,10/15/2026,12:30,10/15/2026,13:30,"MLSC1218  Lab  NW04 4090 47900      Frawley,E",MLSC1218  L
MLSC1309 Lab,10/16/2026,12:30,10/16/2026,13:30,"MLSC1309  Lab  NE22 106 48981      Macapili,R*",MLSC1309  L
BHSC1139 Sem,10/14/2026,13:30,10/14/2026,14:30,"BHSC1139  Sem  SW01 4009 47884      Duffy,S",BHSC1139  S
MLSC1218 Lab,10/15/2026,13:30,10/15/2026,14:30,"MLSC1218  Lab  NW04 4090 47900      Frawley,E",MLSC1218  L
MLSC1309 Lab,10/16/2026,13:30,10/16/2026,14:30,"MLSC1309  Lab  NE22 106 48981      Macapili,R*",MLSC1309  L
COMM1370 Sem,10/15/2026,14:30,10/15/2026,15:30,"COMM1370  Sem  SW01 4009 48905      Hunter,R",COMM1370  S
COMM1370 Sem,10/15/2026,15:30,10/15/2026,16:30,"COMM1370  Sem  SW01 4009 48905      Hunter,R",COMM1370  S
MLSC1218 Lec,10/19/2026,8:30,10/19/2026,9:30,"MLSC1218  Lec  SW03 1710 47877      McMullen,H",MLSC1218  L
MLSC1218 Lec,10/20/2026,8:30,10/20/2026,9:30,"MLSC1218  Lec  SW03 1750 47877      Ham,K",MLSC1218  L
BHSC1139 Lec,10/21/2026,8:30,10/21/2026,9:30,"BHSC1139  Lec  SW01 1205 47869      Duffy,S",BHSC1139  L
COMM1370 Lec,10/22/2026,8:30,10/22/2026,9:30,"COMM1370  Lec  SW03 1710 48902      Hunter,R",COMM1370  L
MLSC1314 Lec,10/23/2026,8:30,10/23/2026,9:30,"MLSC1314  Lec  SW03 1750 47878      Chen,E",MLSC1314  L
MLSC1218 Lec,10/19/2026,9:30,10/19/2026,10:30,"MLSC1218  Lec  SW03 1710 47877      McMullen,H",MLSC1218  L
MLSC1218 Lec,10/20/2026,9:30,10/20/2026,10:30,"MLSC1218  Lec  SW03 1750 47877      Ham,K",MLSC1218  L
BHSC1139 Sem,10/21/2026,9:30,10/21/2026,10:30,"BHSC1139  Sem  SW01 4009 47884      Duffy,S",BHSC1139  S
MLSC1309 Lec,10/22/2026,9:30,10/22/2026,10:30,"MLSC1309  Lec  SW03 1710 48977      Macapili,R*",MLSC1309  L
MLSC1314 Lec,10/23/2026,9:30,10/23/2026,10:30,"MLSC1314  Lec  SW03 1750 47878      Chen,E",MLSC1314  L
BHSC1139 Lec,10/19/2026,10:30,10/19/2026,11:30,"BHSC1139  Lec  SW03 1710 47869      Duffy,S",BHSC1139  L
MLSC1309 Lec,10/20/2026,10:30,10/20/2026,11:30,"MLSC1309  Lec  SW03 1750 48977      Kwan,C",MLSC1309  L
BHSC1310 Sem,10/21/2026,10:30,10/21/2026,11:30,"BHSC1310  Sem  SW01 2590 47889      Marshall,K",BHSC1310  S
MLSC1309 Lec,10/22/2026,10:30,10/22/2026,11:30,"MLSC1309  Lec  SW03 1710 48977      Macapili,R*",MLSC1309  L
BHSC1139 Lec,10/23/2026,10:30,10/23/2026,11:30,"BHSC1139  Lec  SW03 1750 47869      Duffy,S",BHSC1139  L
BHSC1310 Lec,10/19/2026,12:30,10/19/2026,13:30,"BHSC1310  Lec  SW03 1710 47871      Marshall,K",BHSC1310  L
COMM1370 Sem,10/20/2026,12:30,10/20/2026,13:30,"COMM1370  Sem  SW01 4009 48905      Hunter,R",COMM1370  S
MLSC1218 Lab,10/23/2026,12:30,10/23/2026,13:30,"MLSC1218  Lab  NW04 4090 47900      McMullen,H",MLSC1218  L
BHSC1310 Lec,10/19/2026,13:30,10/19/2026,14:30,"BHSC1310  Lec  SW03 1710 47871      Marshall,K",BHSC1310  L
COMM1370 Sem,10/20/2026,13:30,10/20/2026,14:30,"COMM1370  Sem  SW01 4009 48905      Hunter,R",COMM1370  S
MLSC1218 Lab,10/23/2026,13:30,10/23/2026,14:30,"MLSC1218  Lab  NW04 4090 47900      McMullen,H",MLSC1218  L
MLSC1218 Lab,10/20/2026,14:30,10/20/2026,15:30,"MLSC1218  Lab  NW04 4090 47900      Frawley,E",MLSC1218  L
MLSC1218 Lab,10/20/2026,15:30,10/20/2026,16:30,"MLSC1218  Lab  NW04 4090 47900      Frawley,E",MLSC1218  L
MLSC1309 Lec,10/26/2026,8:30,10/26/2026,9:30,"MLSC1309  Lec  SW03 1710 48977      Lamarre,J",MLSC1309  L
MLSC1218 Lec,10/27/2026,8:30,10/27/2026,9:30,"MLSC1218  Lec  SW03 1750 47877      Chen,E",MLSC1218  L
BHSC1139 Lec,10/28/2026,8:30,10/28/2026,9:30,"BHSC1139  Lec  SW01 1205 47869      Duffy,S",BHSC1139  L
COMM1370 Lec,10/29/2026,8:30,10/29/2026,9:30,"COMM1370  Lec  SW03 1710 48902      Hunter,R",COMM1370  L
BHSC1310 Lec,10/30/2026,8:30,10/30/2026,9:30,"BHSC1310  Lec  SW03 1750 47871      Marshall,K",BHSC1310  L
MLSC1309 Lec,10/26/2026,9:30,10/26/2026,10:30,"MLSC1309  Lec  SW03 1710 48977      Lamarre,J",MLSC1309  L
MLSC1218 Lec,10/27/2026,9:30,10/27/2026,10:30,"MLSC1218  Lec  SW03 1750 47877      Chen,E",MLSC1218  L
MLSC1218 Lab,10/28/2026,9:30,10/28/2026,10:30,"MLSC1218  Lab  NW04 4090 47900      Tzou,E",MLSC1218  L
MLSC1218 Lec,10/29/2026,9:30,10/29/2026,10:30,"MLSC1218  Lec  SW03 1710 47877      Yamamoto,V",MLSC1218  L
BHSC1139 Lec,10/30/2026,9:30,10/30/2026,10:30,"BHSC1139  Lec  SW03 1750 47869      Duffy,S",BHSC1139  L
BHSC1139 Lec,10/26/2026,10:30,10/26/2026,11:30,"BHSC1139  Lec  SW03 1710 47869      Duffy,S",BHSC1139  L
MLSC1309 Lec,10/27/2026,10:30,10/27/2026,11:30,"MLSC1309  Lec  SW03 1750 48977      Macapili,R",MLSC1309  L
MLSC1218 Lab,10/28/2026,10:30,10/28/2026,11:30,"MLSC1218  Lab  NW04 4090 47900      Tzou,E",MLSC1218  L
MLSC1218 Lec,10/29/2026,10:30,10/29/2026,11:30,"MLSC1218  Lec  SW03 1710 47877      Yamamoto,V",MLSC1218  L
BHSC1139 Lec,10/30/2026,10:30,10/30/2026,11:30,"BHSC1139  Lec  SW03 1750 47869      Duffy,S",BHSC1139  L
BHSC1310 Lec,10/26/2026,12:30,10/26/2026,13:30,"BHSC1310  Lec  SW03 1710 47871      Marshall,K",BHSC1310  L
COMM1370 Sem,10/27/2026,12:30,10/27/2026,13:30,"COMM1370  Sem  SW01 4009 48905      Hunter,R",COMM1370  S
BHSC1310 Sem,10/28/2026,12:30,10/28/2026,13:30,"BHSC1310  Sem  SW01 2004 47889      Marshall,K",BHSC1310  S
MLSC1218 Lab,10/29/2026,12:30,10/29/2026,13:30,"MLSC1218  Lab  NW04 4090 47900      Yamamoto,V",MLSC1218  L
BHSC1310 Lec,10/26/2026,13:30,10/26/2026,14:30,"BHSC1310  Lec  SW03 1710 47871      Marshall,K",BHSC1310  L
COMM1370 Sem,10/27/2026,13:30,10/27/2026,14:30,"COMM1370  Sem  SW01 4009 48905      Hunter,R",COMM1370  S
BHSC1139 Sem,10/28/2026,13:30,10/28/2026,14:30,"BHSC1139  Sem  SW01 4009 47884      Duffy,S",BHSC1139  S
MLSC1218 Lab,10/29/2026,13:30,10/29/2026,14:30,"MLSC1218  Lab  NW04 4090 47900      Yamamoto,V",MLSC1218  L
MLSC1309 Lab,10/29/2026,14:30,10/29/2026,15:30,"MLSC1309  Lab  NW04 4100 48981      Kwan,C",MLSC1309  L
MLSC1309 Lab,10/30/2026,14:30,10/30/2026,15:30,"MLSC1309  Lab  NW04 4100 48981      Lamarre,J",MLSC1309  L
MLSC1309 Lab,10/29/2026,15:30,10/29/2026,16:30,"MLSC1309  Lab  NW04 4100 48981      Kwan,C",MLSC1309  L
MLSC1309 Lab,10/30/2026,15:30,10/30/2026,16:30,"MLSC1309  Lab  NW04 4100 48981      Lamarre,J",MLSC1309  L
MLSC1309 Lec,11/02/2026,8:30,11/02/2026,9:30,"MLSC1309  Lec  SW03 1710 48977      Macapili,R",MLSC1309  L
MLSC1218 Lec,11/03/2026,8:30,11/03/2026,9:30,"MLSC1218  Lec  SW03 1750 47877      McMullen,H",MLSC1218  L
BHSC1139 Lec,11/04/2026,8:30,11/04/2026,9:30,"BHSC1139  Lec  SW01 1205 47869      Duffy,S",BHSC1139  L
COMM1370 Lec,11/05/2026,8:30,11/05/2026,9:30,"COMM1370  Lec  SW03 1710 48902      Hunter,R",COMM1370  L
MLSC1309 Lec,11/06/2026,8:30,11/06/2026,9:30,"MLSC1309  Lec  SW03 1750 48977      Kwan,C",MLSC1309  L
MLSC1309 Lec,11/02/2026,9:30,11/02/2026,10:30,"MLSC1309  Lec  SW03 1710 48977      Macapili,R",MLSC1309  L
MLSC1218 Lec,11/03/2026,9:30,11/03/2026,10:30,"MLSC1218  Lec  SW03 1750 47877      McMullen,H",MLSC1218  L
MLSC1218 Lec,11/05/2026,9:30,11/05/2026,10:30,"MLSC1218  Lec  SW03 1710 47877      Yamamoto,V",MLSC1218  L
BHSC1139 Lec,11/06/2026,9:30,11/06/2026,10:30,"BHSC1139  Lec  SW03 1750 47869      Duffy,S",BHSC1139  L
BHSC1139 Lec,11/02/2026,10:30,11/02/2026,11:30,"BHSC1139  Lec  SW03 1710 47869      Duffy,S",BHSC1139  L
MLSC1309 Lec,11/03/2026,10:30,11/03/2026,11:30,"MLSC1309  Lec  SW03 1750 48977      Lamarre,J*",MLSC1309  L
MLSC1218 Lec,11/05/2026,10:30,11/05/2026,11:30,"MLSC1218  Lec  SW03 1710 47877      Yamamoto,V",MLSC1218  L
BHSC1139 Lec,11/06/2026,10:30,11/06/2026,11:30,"BHSC1139  Lec  SW03 1750 47869      Duffy,S",BHSC1139  L
BHSC1139 Lec,11/02/2026,12:30,11/02/2026,13:30,"BHSC1139  Lec  SW03 1710 47869      Duffy,S",BHSC1139  L
MLSC1218 Lab,11/03/2026,12:30,11/03/2026,13:30,"MLSC1218  Lab  NW04 4090 47900      McMullen,H",MLSC1218  L
BHSC1139 Sem,11/04/2026,12:30,11/04/2026,13:30,"BHSC1139  Sem  SW01 4009 47884      Duffy,S",BHSC1139  S
BHSC1310 Lec,11/02/2026,13:30,11/02/2026,14:30,"BHSC1310  Lec  SW03 1710 47871      Marshall,K",BHSC1310  L
MLSC1218 Lab,11/03/2026,13:30,11/03/2026,14:30,"MLSC1218  Lab  NW04 4090 47900      McMullen,H",MLSC1218  L
BHSC1310 Sem,11/04/2026,13:30,11/04/2026,14:30,"BHSC1310  Sem  SW01 2004 47889      Marshall,K",BHSC1310  S
BHSC1310 Lec,11/02/2026,14:30,11/02/2026,15:30,"BHSC1310  Lec  SW03 1710 47871      Marshall,K",BHSC1310  L
COMM1370 Sem,11/03/2026,14:30,11/03/2026,15:30,"COMM1370  Sem  SW01 4009 48905      Hunter,R",COMM1370  S
MLSC1218 Lab,11/06/2026,14:30,11/06/2026,15:30,"MLSC1218  Lab  NW04 4090 47900      Chen,E",MLSC1218  L
COMM1370 Sem,11/03/2026,15:30,11/03/2026,16:30,"COMM1370  Sem  SW01 4009 48905      Hunter,R",COMM1370  S
MLSC1218 Lab,11/06/2026,15:30,11/06/2026,16:30,"MLSC1218  Lab  NW04 4090 47900      Chen,E",MLSC1218  L
MLSC1218 Lec,11/09/2026,8:30,11/09/2026,9:30,"MLSC1218  Lec  SW03 1710 47877      Tzou,E",MLSC1218  L
MLSC1309 Lec,11/10/2026,8:30,11/10/2026,9:30,"MLSC1309  Lec  SW03 1750 48977      Macapili,R",MLSC1309  L
COMM1370 Lec,11/12/2026,8:30,11/12/2026,9:30,"COMM1370  Lec  SW03 1710 48902      Hunter,R",COMM1370  L
BHSC1310 Lec,11/13/2026,8:30,11/13/2026,9:30,"BHSC1310  Lec  SW03 1750 47871      Marshall,K",BHSC1310  L
MLSC1218 Lec,11/09/2026,9:30,11/09/2026,10:30,"MLSC1218  Lec  SW03 1710 47877      Tzou,E",MLSC1218  L
MLSC1309 Lec,11/10/2026,9:30,11/10/2026,10:30,"MLSC1309  Lec  SW03 1750 48977      Macapili,R",MLSC1309  L
MLSC1309 Lec,11/12/2026,9:30,11/12/2026,10:30,"MLSC1309  Lec  SW03 1710 48977      Macapili,R",MLSC1309  L
BHSC1310 Lec,11/13/2026,9:30,11/13/2026,10:30,"BHSC1310  Lec  SW03 1750 47871      Marshall,K",BHSC1310  L
BHSC1310 Lec,11/09/2026,10:30,11/09/2026,11:30,"BHSC1310  Lec  SW03 1710 47871      Marshall,K",BHSC1310  L
MLSC1218 Lec,11/10/2026,10:30,11/10/2026,11:30,"MLSC1218  Lec  SW03 1750 47877      Tzou,E",MLSC1218  L
MLSC1218 Lec,11/12/2026,10:30,11/12/2026,11:30,"MLSC1218  Lec  SW03 1710 47877      Chen,E",MLSC1218  L
BHSC1139 Lec,11/13/2026,10:30,11/13/2026,11:30,"BHSC1139  Lec  SW03 1750 47869      Duffy,S",BHSC1139  L
MLSC1218 Lab,11/10/2026,12:30,11/10/2026,13:30,"MLSC1218  Lab  NW04 4090 47900      Frawley,E",MLSC1218  L
MLSC1309 Lab,11/12/2026,12:30,11/12/2026,13:30,"MLSC1309  Lab  NW04 4100 48981      Lamarre,J",MLSC1309  L
MLSC1309 Lab,11/13/2026,12:30,11/13/2026,13:30,"MLSC1309  Lab  NW04 4100 48981      Macapili,R",MLSC1309  L
MLSC1218 Lab,11/10/2026,13:30,11/10/2026,14:30,"MLSC1218  Lab  NW04 4090 47900      Frawley,E",MLSC1218  L
MLSC1309 Lab,11/12/2026,13:30,11/12/2026,14:30,"MLSC1309  Lab  NW04 4100 48981      Lamarre,J",MLSC1309  L
MLSC1309 Lab,11/13/2026,13:30,11/13/2026,14:30,"MLSC1309  Lab  NW04 4100 48981      Macapili,R",MLSC1309  L
COMM1370 Sem,11/10/2026,14:30,11/10/2026,15:30,"COMM1370  Sem  SW01 4009 48905      Hunter,R",COMM1370  S
MLSC1218 Lab,11/12/2026,14:30,11/12/2026,15:30,"MLSC1218  Lab  NW04 4090 47900      Chen,E",MLSC1218  L
BHSC1139 Sem,11/13/2026,14:30,11/13/2026,15:30,"BHSC1139  Sem  NE25 115 47884      Duffy,S",BHSC1139  S
COMM1370 Sem,11/10/2026,15:30,11/10/2026,16:30,"COMM1370  Sem  SW01 4009 48905      Hunter,R",COMM1370  S
MLSC1218 Lab,11/12/2026,15:30,11/12/2026,16:30,"MLSC1218  Lab  NW04 4090 47900      Chen,E",MLSC1218  L
BHSC1310 Sem,11/13/2026,15:30,11/13/2026,16:30,"BHSC1310  Sem  NE25 116 47889      Marshall,K",BHSC1310  S
MLSC1309 Lec,11/16/2026,8:30,11/16/2026,9:30,"MLSC1309  Lec  SW03 1710 48977      Lamarre,J",MLSC1309  L
MLSC1309 Lec,11/17/2026,8:30,11/17/2026,9:30,"MLSC1309  Lec  SW03 1750 48977      Lamarre,J",MLSC1309  L
BHSC1139 Lec,11/18/2026,8:30,11/18/2026,9:30,"BHSC1139  Lec  SW01 1205 47869      Duffy,S",BHSC1139  L
COMM1370 Lec,11/19/2026,8:30,11/19/2026,9:30,"COMM1370  Lec  SW03 1710 48902      Hunter,R",COMM1370  L
BHSC1310 Lec,11/20/2026,8:30,11/20/2026,9:30,"BHSC1310  Lec  SW03 1750 47871      Marshall,K",BHSC1310  L
MLSC1309 Lec,11/16/2026,9:30,11/16/2026,10:30,"MLSC1309  Lec  SW03 1710 48977      Lamarre,J",MLSC1309  L
MLSC1218 Lab,11/17/2026,9:30,11/17/2026,10:30,"MLSC1218  Lab *NE22 105 47900      Frawley,E*",MLSC1218  L
BHSC1139 Sem,11/18/2026,9:30,11/18/2026,10:30,"BHSC1139  Sem  SW01 4009 47884      Duffy,S",BHSC1139  S
MLSC1218 Lec,11/19/2026,9:30,11/19/2026,10:30,"MLSC1218  Lec  SW03 1710 47877      Frawley,E",MLSC1218  L
BHSC1310 Lec,11/20/2026,9:30,11/20/2026,10:30,"BHSC1310  Lec  SW03 1750 47871      Marshall,K",BHSC1310  L
BHSC1139 Lec,11/16/2026,10:30,11/16/2026,11:30,"BHSC1139  Lec  SW03 1710 47869      Duffy,S",BHSC1139  L
MLSC1218 Lab,11/17/2026,10:30,11/17/2026,11:30,"MLSC1218  Lab *NE22 105 47900      Frawley,E*",MLSC1218  L
BHSC1310 Sem,11/18/2026,10:30,11/18/2026,11:30,"BHSC1310  Sem  SW01 2590 47889      Marshall,K",BHSC1310  S
MLSC1218 Lec,11/19/2026,10:30,11/19/2026,11:30,"MLSC1218  Lec  SW03 1710 47877      Frawley,E",MLSC1218  L
MLSC1218 Lec,11/20/2026,10:30,11/20/2026,11:30,"MLSC1218  Lec  SW03 1750 47877      Tzou,E",MLSC1218  L
MLSC1309 Lab,11/17/2026,12:30,11/17/2026,13:30,"MLSC1309  Lab  NW04 4100 48981      Lamarre,J",MLSC1309  L
MLSC1309 Lab,11/18/2026,12:30,11/18/2026,13:30,"MLSC1309  Lab  NW04 4100 48981      Kwan,C",MLSC1309  L
MLSC1218 Lab,11/19/2026,12:30,11/19/2026,13:30,"MLSC1218  Lab  NW04 4090 47900      Tzou,E",MLSC1218  L
MLSC1309 Lab,11/17/2026,13:30,11/17/2026,14:30,"MLSC1309  Lab  NW04 4100 48981      Lamarre,J",MLSC1309  L
MLSC1309 Lab,11/18/2026,13:30,11/18/2026,14:30,"MLSC1309  Lab  NW04 4100 48981      Kwan,C",MLSC1309  L
MLSC1218 Lab,11/19/2026,13:30,11/19/2026,14:30,"MLSC1218  Lab  NW04 4090 47900      Tzou,E",MLSC1218  L
MLSC1218 Lab,11/17/2026,14:30,11/17/2026,15:30,"MLSC1218  Lab  NW04 4090 47900      Yamamoto,V",MLSC1218  L
COMM1370 Sem,11/19/2026,14:30,11/19/2026,15:30,"COMM1370  Sem  SW01 4009 48905      Hunter,R",COMM1370  S
MLSC1218 Lab,11/17/2026,15:30,11/17/2026,16:30,"MLSC1218  Lab  NW04 4090 47900      Yamamoto,V",MLSC1218  L
COMM1370 Sem,11/19/2026,15:30,11/19/2026,16:30,"COMM1370  Sem  SW01 4009 48905      Hunter,R",COMM1370  S
MLSC1309 Lec,11/23/2026,8:30,11/23/2026,9:30,"MLSC1309  Lec  SW03 1710 48977      Kwan,C",MLSC1309  L
MLSC1218 Lec,11/24/2026,8:30,11/24/2026,9:30,"MLSC1218  Lec  SW03 1750 47877      Frawley,E",MLSC1218  L
BHSC1139 Lec,11/25/2026,8:30,11/25/2026,9:30,"BHSC1139  Lec  SW01 1205 47869      Duffy,S",BHSC1139  L
COMM1370 Lec,11/26/2026,8:30,11/26/2026,9:30,"COMM1370  Lec  SW03 1710 48902      Hunter,R",COMM1370  L
BHSC1310 Lec,11/27/2026,8:30,11/27/2026,9:30,"BHSC1310  Lec  SW03 1750 47871      Marshall,K",BHSC1310  L
MLSC1309 Lec,11/23/2026,9:30,11/23/2026,10:30,"MLSC1309  Lec  SW03 1710 48977      Kwan,C",MLSC1309  L
MLSC1218 Lec,11/24/2026,9:30,11/24/2026,10:30,"MLSC1218  Lec  SW03 1750 47877      Frawley,E",MLSC1218  L
BHSC1139 Sem,11/25/2026,9:30,11/25/2026,10:30,"BHSC1139  Sem  SW01 4009 47884      Duffy,S",BHSC1139  S
MLSC1218 Lab,11/26/2026,9:30,11/26/2026,10:30,"MLSC1218  Lab  NW04 4090 47900      Frawley,E",MLSC1218  L
BHSC1139 Lec,11/23/2026,10:30,11/23/2026,11:30,"BHSC1139  Lec  SW03 1710 47869      Duffy,S",BHSC1139  L
MLSC1218 Lec,11/24/2026,10:30,11/24/2026,11:30,"MLSC1218  Lec  SW03 1750 47877      Frawley,E",MLSC1218  L
BHSC1310 Sem,11/25/2026,10:30,11/25/2026,11:30,"BHSC1310  Sem  SW01 2590 47889      Marshall,K",BHSC1310  S
MLSC1218 Lab,11/26/2026,10:30,11/26/2026,11:30,"MLSC1218  Lab  NW04 4090 47900      Frawley,E",MLSC1218  L
BHSC1139 Lec,11/23/2026,12:30,11/23/2026,13:30,"BHSC1139  Lec  SW03 1710 47869      Duffy,S",BHSC1139  L
MLSC1309 Lab,11/24/2026,12:30,11/24/2026,13:30,"MLSC1309  Lab  NW04 4100 48981      Kwan,C",MLSC1309  L
MLSC1309 Lab,11/25/2026,12:30,11/25/2026,13:30,"MLSC1309  Lab  NW04 4100 48981      Lamarre,J",MLSC1309  L
COMM1370 Sem,11/26/2026,12:30,11/26/2026,13:30,"COMM1370  Sem  SW01 4009 48905      Hunter,R",COMM1370  S
BHSC1310 Lec,11/23/2026,13:30,11/23/2026,14:30,"BHSC1310  Lec  SW03 1710 47871      Marshall,K",BHSC1310  L
MLSC1309 Lab,11/24/2026,13:30,11/24/2026,14:30,"MLSC1309  Lab  NW04 4100 48981      Kwan,C",MLSC1309  L
MLSC1309 Lab,11/25/2026,13:30,11/25/2026,14:30,"MLSC1309  Lab  NW04 4100 48981      Lamarre,J",MLSC1309  L
COMM1370 Sem,11/26/2026,13:30,11/26/2026,14:30,"COMM1370  Sem  SW01 4009 48905      Hunter,R",COMM1370  S
BHSC1310 Lec,11/23/2026,14:30,11/23/2026,15:30,"BHSC1310  Lec  SW03 1710 47871      Marshall,K",BHSC1310  L
MLSC1218 Lab,11/24/2026,14:30,11/24/2026,15:30,"MLSC1218  Lab  NW04 4090 47900      McMullen,H",MLSC1218  L
MLSC1218 Lab,11/24/2026,15:30,11/24/2026,16:30,"MLSC1218  Lab  NW04 4090 47900      McMullen,H",MLSC1218  L
MLSC1309 Lec,11/30/2026,8:30,11/30/2026,9:30,"MLSC1309  Lec  SW03 1710 48977      Kwan,C",MLSC1309  L
MLSC1218 Lec,12/01/2026,8:30,12/01/2026,9:30,"MLSC1218  Lec  SW03 1750 47877      Frawley,E",MLSC1218  L
BHSC1139 Lec,12/02/2026,8:30,12/02/2026,9:30,"BHSC1139  Lec  SW01 1205 47869      Duffy,S",BHSC1139  L
COMM1370 Lec,12/03/2026,8:30,12/03/2026,9:30,"COMM1370  Lec  SW03 1710 48902      Hunter,R",COMM1370  L
BHSC1139 Lec,12/04/2026,8:30,12/04/2026,9:30,"BHSC1139  Lec  SW03 1750 47869      Duffy,S",BHSC1139  L
MLSC1309 Lec,11/30/2026,9:30,11/30/2026,10:30,"MLSC1309  Lec  SW03 1710 48977      Kwan,C",MLSC1309  L
MLSC1218 Lec,12/01/2026,9:30,12/01/2026,10:30,"MLSC1218  Lec  SW03 1750 47877      Frawley,E",MLSC1218  L
MLSC1218 Lec,12/03/2026,9:30,12/03/2026,10:30,"MLSC1218  Lec  SW03 1710 47877      Chen,E",MLSC1218  L
BHSC1139 Lec,11/30/2026,10:30,11/30/2026,11:30,"BHSC1139  Lec  SW03 1710 47869      Duffy,S",BHSC1139  L
MLSC1218 Lec,12/01/2026,10:30,12/01/2026,11:30,"MLSC1218  Lec  SW03 1750 47877      Frawley,E",MLSC1218  L
MLSC1309 Lab,12/02/2026,10:30,12/02/2026,11:30,"MLSC1309  Lab  NW04 4100 48981      Kwan,C",MLSC1309  L
MLSC1218 Lec,12/03/2026,10:30,12/03/2026,11:30,"MLSC1218  Lec  SW03 1710 47877      Chen,E",MLSC1218  L
BHSC1139 Lec,11/30/2026,12:30,11/30/2026,13:30,"BHSC1139  Lec  SW03 1710 47869      Duffy,S",BHSC1139  L
COMM1370 Sem,12/01/2026,12:30,12/01/2026,13:30,"COMM1370  Sem  SW01 4009 48905      Hunter,R",COMM1370  S
BHSC1139 Sem,12/02/2026,12:30,12/02/2026,13:30,"BHSC1139  Sem  SW01 4009 47884      Duffy,S",BHSC1139  S
MLSC1218 Lab,12/03/2026,12:30,12/03/2026,13:30,"MLSC1218  Lab  NW04 4090 47900      Yamamoto,V",MLSC1218  L
BHSC1310 Lec,11/30/2026,13:30,11/30/2026,14:30,"BHSC1310  Lec  SW03 1710 47871      Marshall,K",BHSC1310  L
COMM1370 Sem,12/01/2026,13:30,12/01/2026,14:30,"COMM1370  Sem  SW01 4009 48905      Hunter,R",COMM1370  S
BHSC1310 Sem,12/02/2026,13:30,12/02/2026,14:30,"BHSC1310  Sem  SW01 2004 47889      Marshall,K",BHSC1310  S
MLSC1218 Lab,12/03/2026,13:30,12/03/2026,14:30,"MLSC1218  Lab  NW04 4090 47900      Yamamoto,V",MLSC1218  L
BHSC1310 Lec,11/30/2026,14:30,11/30/2026,15:30,"BHSC1310  Lec  SW03 1710 47871      Marshall,K",BHSC1310  L
MLSC1218 Lab,12/01/2026,14:30,12/01/2026,15:30,"MLSC1218  Lab  NW04 4090 47900      Frawley,E",MLSC1218  L
MLSC1218 Lab,12/01/2026,15:30,12/01/2026,16:30,"MLSC1218  Lab  NW04 4090 47900      Frawley,E",MLSC1218  L
