Subject,Start Date,Start Time,End Date,End Time,Description,Location,Color ID
Labour Day,09/07/2026,8:30,09/07/2026,9:30,Labour Day - No classes,,1
SOHS Orientation,09/08/2026,8:30,09/08/2026,9:30,SOHS Orientation SE16 Gym - Mandatory,SOHS O,1
MLSC1218 Lec,09/09/2026,8:30,09/09/2026,9:30,"MLSC1218  Lec  NE01 239 47877      Ham,K",MLSC1218  L,2
COMM1370 Lec,09/10/2026,8:30,09/10/2026,9:30,"COMM1370  Lec  SW03 1710 48902      Hunter,R",COMM1370  L,6
BHSC1139 Lec,09/11/2026,8:30,09/11/2026,9:30,"BHSC1139  Lec  SW03 1750 47869      Duffy,S",BHSC1139  L,9
MLSC1218 Lec,09/09/2026,9:30,09/09/2026,10:30,"MLSC1218  Lec  NE01 239 47877      Ham,K",MLSC1218  L,2
BHSC1310 Lec,09/10/2026,9:30,09/10/2026,10:30,"BHSC1310  Lec  SW03 1710 47871      Marshall,K",BHSC1310  L,7
COMM1370 Sem,09/11/2026,9:30,09/11/2026,10:30,"COMM1370  Sem *NE22 105 48905      Hunter,R",COMM1370  S,6
BHSC1139 Lec,09/09/2026,10:30,09/09/2026,11:30,"BHSC1139  Lec  NE01 239 47869      Duffy,S",BHSC1139  L,9
BHSC1310 Lec,09/10/2026,10:30,09/10/2026,11:30,"BHSC1310  Lec  SW03 1710 47871      Marshall,K",BHSC1310  L,7
COMM1370 Sem,09/11/2026,10:30,09/11/2026,11:30,"COMM1370  Sem *NE22 105 48905      Hunter,R",COMM1370  S,6
Med Lab,09/08/2026,11:30,09/08/2026,12:30,Med Lab Science Orientation NW04 1072/1076/1078                       1200-1500 - Mandatory,NW04 1072,1
MLSC1309 Lec,09/09/2026,12:30,09/09/2026,13:30,"MLSC1309  Lec  NW04 1072 48977      Macapili,R*",MLSC1309  L,3
MLSC1218 Lec,09/10/2026,12:30,09/10/2026,13:30,"MLSC1218  Lec  NW04 1072 47877      Frawley,E*",MLSC1218  L,2
MLSC1309 Lec,09/09/2026,13:30,09/09/2026,14:30,"MLSC1309  Lec  NW04 1072 48977      Macapili,R*",MLSC1309  L,3
MLSC1218 Lec,09/10/2026,13:30,09/10/2026,14:30,"MLSC1218  Lec  NW04 1072 47877      Frawley,E*",MLSC1218  L,2
MLSC1218 Lab,09/10/2026,14:30,09/10/2026,15:30,"MLSC1218  Lab  NW04 4090 47900      McMullen,H",MLSC1218  L,2
BHSC1139 Sem,09/11/2026,14:30,09/11/2026,15:30,"BHSC1139  Sem  NE25 115 47884      Duffy,S",BHSC1139  S,9
MLSC1218 Lab,09/10/2026,15:30,09/10/2026,16:30,"MLSC1218  Lab  NW04 4090 47900      McMullen,H",MLSC1218  L,2
BHSC1310 Sem,09/11/2026,15:30,09/11/2026,16:30,"BHSC1310  Sem  NE25 115 47889      Marshall,K",BHSC1310  S,7
MLSC1309 Lec,09/14/2026,8:30,09/14/2026,9:30,"MLSC1309  Lec  SW03 1710 48977      Lamarre,J*",MLSC1309  L,3
MLSC1309 Lec,09/15/2026,8:30,09/15/2026,9:30,"MLSC1309  Lec  SW03 1750 48977      Macapili,R",MLSC1309  L,3
BHSC1139 Lec,09/16/2026,8:30,09/16/2026,9:30,"BHSC1139  Lec  SW01 1205 47869      Duffy,S",BHSC1139  L,9
COMM1370 Lec,09/17/2026,8:30,09/17/2026,9:30,"COMM1370  Lec  SW03 1710 48902      Hunter,R",COMM1370  L,6
MLSC1309 Lec,09/18/2026,8:30,09/18/2026,9:30,"MLSC1309  Lec  SW03 1750 48977      Macapili,R",MLSC1309  L,3
MLSC1309 Lec,09/14/2026,9:30,09/14/2026,10:30,"MLSC1309  Lec  SW03 1710 48977      Lamarre,J*",MLSC1309  L,3
MLSC1218 Lec,09/15/2026,9:30,09/15/2026,10:30,"MLSC1218  Lec  SW03 1750 47877      Yamamoto,V",MLSC1218  L,2
MLSC1218 Lab,09/16/2026,9:30,09/16/2026,10:30,"MLSC1218  Lab  NW04 4090 47900      Yamamoto,V",MLSC1218  L,2
MLSC1314 Lec,09/17/2026,9:30,09/17/2026,10:30,"MLSC1314  Lec  SW03 1710 47878      Chen,E",MLSC1314  L,5
MLSC1314 Lec,09/18/2026,9:30,09/18/2026,10:30,"MLSC1314  Lec  SW03 1750 47878      Chen,E",MLSC1314  L,5
BHSC1139 Lec,09/14/2026,10:30,09/14/2026,11:30,"BHSC1139  Lec  SW03 1710 47869      Duffy,S",BHSC1139  L,9
MLSC1218 Lec,09/15/2026,10:30,09/15/2026,11:30,"MLSC1218  Lec  SW03 1750 47877      Yamamoto,V",MLSC1218  L,2
MLSC1218 Lab,09/16/2026,10:30,09/16/2026,11:30,"MLSC1218  Lab  NW04 4090 47900      Yamamoto,V",MLSC1218  L,2
MLSC1314 Lec,09/17/2026,10:30,09/17/2026,11:30,"MLSC1314  Lec  SW03 1710 47878      Chen,E",MLSC1314  L,5
BHSC1139 Lec,09/18/2026,10:30,09/18/2026,11:30,"BHSC1139  Lec  SW03 1750 47869      Duffy,S",BHSC1139  L,9
BHSC1310 Lec,09/14/2026,12:30,09/14/2026,13:30,"BHSC1310  Lec  SW03 1710 47871      Marshall,K",BHSC1310  L,7
BHSC1310 Sem,09/16/2026,12:30,09/16/2026,13:30,"BHSC1310  Sem  SW01 2004 47889      Marshall,K",BHSC1310  S,7
COMM1370 Sem,09/17/2026,12:30,09/17/2026,13:30,"COMM1370  Sem  SW01 4011 48905      Hunter,R",COMM1370  S,6
BHSC1310 Lec,09/14/2026,13:30,09/14/2026,14:30,"BHSC1310  Lec  SW03 1710 47871      Marshall,K",BHSC1310  L,7
BHSC1139 Sem,09/16/2026,13:30,09/16/2026,14:30,"BHSC1139  Sem  SW01 4009 47884      Duffy,S",BHSC1139  S,9
COMM1370 Sem,09/17/2026,13:30,09/17/2026,14:30,"COMM1370  Sem  SW01 4011 48905      Hunter,R",COMM1370  S,6
MLSC1218 Lec,09/14/2026,14:30,09/14/2026,15:30,"MLSC1218  Lec  SW03 1710 47877      McMullen,H",MLSC1218  L,2
MLSC1218 Lab,09/17/2026,14:30,09/17/2026,15:30,"MLSC1218  Lab  NW04 4090 47900      Frawley,E",MLSC1218  L,2
MLSC1218 Lec,09/14/2026,15:30,09/14/2026,16:30,"MLSC1218  Lec  SW03 1710 47877      McMullen,H",MLSC1218  L,2
MLSC1218 Lab,09/17/2026,15:30,09/17/2026,16:30,"MLSC1218  Lab  NW04 4090 47900      Frawley,E",MLSC1218  L,2
MLSC1309 Lec,09/21/2026,8:30,09/21/2026,9:30,"MLSC1309  Lec  SW03 1710 48977      Macapili,R",MLSC1309  L,3
MLSC1218 Lec,09/22/2026,8:30,09/22/2026,9:30,"MLSC1218  Lec  SW03 1750 47877      Yamamoto,V",MLSC1218  L,2
BHSC1139 Lec,09/23/2026,8:30,09/23/2026,9:30,"BHSC1139  Lec  SW01 1205 47869      Duffy,S",BHSC1139  L,9
COMM1370 Lec,09/24/2026,8:30,09/24/2026,9:30,"COMM1370  Lec  SW03 1710 48902      Hunter,R",COMM1370  L,6
MLSC1309 Lec,09/21/2026,9:30,09/21/2026,10:30,"MLSC1309  Lec  SW03 1710 48977      Macapili,R",MLSC1309  L,3
MLSC1218 Lec,09/22/2026,9:30,09/22/2026,10:30,"MLSC1218  Lec  SW03 1750 47877      Yamamoto,V",MLSC1218  L,2
MLSC1218 Lab,09/23/2026,9:30,09/23/2026,10:30,"MLSC1218  Lab  NW04 4090 47900      Yamamoto,V",MLSC1218  L,2
MLSC1218 Lec,09/24/2026,9:30,09/24/2026,10:30,"MLSC1218  Lec  SW03 1710 47877      McMullen,H",MLSC1218  L,2
BHSC1139 Lec,09/21/2026,10:30,09/21/2026,11:30,"BHSC1139  Lec  SW03 1710 47869      Duffy,S",BHSC1139  L,9
MLSC1309 Lec,09/22/2026,10:30,09/22/2026,11:30,"MLSC1309  Lec  SW03 1750 48977      Kwan,C",MLSC1309  L,3
MLSC1218 Lab,09/23/2026,10:30,09/23/2026,11:30,"MLSC1218  Lab  NW04 4090 47900      Yamamoto,V",MLSC1218  L,2
MLSC1218 Lec,09/24/2026,10:30,09/24/2026,11:30,"MLSC1218  Lec  SW03 1710 47877      McMullen,H",MLSC1218  L,2
BHSC1310 Lec,09/21/2026,12:30,09/21/2026,13:30,"BHSC1310  Lec  SW03 1710 47871      Marshall,K",BHSC1310  L,7
BHSC1310 Sem,09/23/2026,12:30,09/23/2026,13:30,"BHSC1310  Sem  SW01 2004 47889      Marshall,K",BHSC1310  S,7
COMM1370 Sem,09/24/2026,12:30,09/24/2026,13:30,"COMM1370  Sem  SW01 4009 48905      Hunter,R",COMM1370  S,6
BHSC1310 Lec,09/21/2026,13:30,09/21/2026,14:30,"BHSC1310  Lec  SW03 1710 47871      Marshall,K",BHSC1310  L,7
BHSC1139 Sem,09/23/2026,13:30,09/23/2026,14:30,"BHSC1139  Sem  SW01 4009 47884      Duffy,S",BHSC1139  S,9
COMM1370 Sem,09/24/2026,13:30,09/24/2026,14:30,"COMM1370  Sem  SW01 4009 48905      Hunter,R",COMM1370  S,6
MLSC1218 Lec,09/21/2026,14:30,09/21/2026,15:30,"MLSC1218  Lec  SW03 1710 47877      Yamamoto,V",MLSC1218  L,2
MLSC1218 Lab,09/24/2026,14:30,09/24/2026,15:30,"MLSC1218  Lab  NW04 4090 47900      Frawley,E",MLSC1218  L,2
MLSC1218 Lec,09/21/2026,15:30,09/21/2026,16:30,"MLSC1218  Lec  SW03 1710 47877      Yamamoto,V",MLSC1218  L,2
MLSC1218 Lab,09/24/2026,15:30,09/24/2026,16:30,"MLSC1218  Lab  NW04 4090 47900      Frawley,E",MLSC1218  L,2
MLSC1309 Lec,09/28/2026,8:30,09/28/2026,9:30,"MLSC1309  Lec  SW03 1710 48977      Lamarre,J",MLSC1309  L,3
MLSC1218 Lec,09/29/2026,8:30,09/29/2026,9:30,"MLSC1218  Lec  SW03 1750 47877      Frawley,E",MLSC1218  L,2
Truth and,09/30/2026,8:30,09/30/2026,9:30,Truth and Reconciliation,,1
MLSC1314 Lec,10/01/2026,8:30,10/01/2026,9:30,"MLSC1314  Lec  SW03 1710 47878      Chen,E",MLSC1314  L,5
MLSC1314 Lec,10/02/2026,8:30,10/02/2026,9:30,"MLSC1314  Lec  SW03 1750 47878      Chen,E",MLSC1314  L,5
MLSC1309 Lec,09/28/2026,9:30,09/28/2026,10:30,"MLSC1309  Lec  SW03 1710 48977      Lamarre,J",MLSC1309  L,3
MLSC1218 Lec,09/29/2026,9:30,09/29/2026,10:30,"MLSC1218  Lec  SW03 1750 47877      Frawley,E",MLSC1218  L,2
MLSC1218 Lec,10/01/2026,9:30,10/01/2026,10:30,"MLSC1218  Lec  SW03 1710 47877      Ham,K",MLSC1218  L,2
MLSC1314 Lec,10/02/2026,9:30,10/02/2026,10:30,"MLSC1314  Lec  SW03 1750 47878      Chen,E",MLSC1314  L,5
BHSC1139 Lec,09/28/2026,10:30,09/28/2026,11:30,"BHSC1139  Lec  SW03 1710 47869      Duffy,S",BHSC1139  L,9
MLSC1309 Lec,09/29/2026,10:30,09/29/2026,11:30,"MLSC1309  Lec  SW03 1750 48977      Kwan,C",MLSC1309  L,3
MLSC1218 Lec,10/01/2026,10:30,10/01/2026,11:30,"MLSC1218  Lec  SW03 1710 47877      Ham,K",MLSC1218  L,2
BHSC1139 Lec,10/02/2026,10:30,10/02/2026,11:30,"BHSC1139  Lec  SW03 1750 47869      ,",BHSC1139  L,9
BHSC1139 Lec,09/28/2026,12:30,09/28/2026,13:30,"BHSC1139  Lec  SW03 1710 47869      Duffy,S",BHSC1139  L,9
MLSC1309 Lab,09/29/2026,12:30,09/29/2026,13:30,"MLSC1309  Lab  NW04 4100 48981      Lamarre,J",MLSC1309  L,3
HSIP 0100,10/02/2026,12:30,10/02/2026,13:30,HSIP 0100  TSQ D,HSIP 0100,1
BHSC1310 Lec,09/28/2026,13:30,09/28/2026,14:30,"BHSC1310  Lec  SW03 1710 47871      Marshall,K",BHSC1310  L,7
MLSC1309 Lab,09/29/2026,13:30,09/29/2026,14:30,"MLSC1309  Lab  NW04 4100 48981      Lamarre,J",MLSC1309  L,3
HSIP 0100,10/02/2026,13:30,10/02/2026,14:30,HSIP 0100  TSQ D,HSIP 0100,1
BHSC1310 Lec,09/28/2026,14:30,09/28/2026,15:30,"BHSC1310  Lec  SW03 1710 47871      Marshall,K",BHSC1310  L,7
MLSC1218 Lab,10/01/2026,14:30,10/01/2026,15:30,"MLSC1218  Lab  NW04 4090 47900      Frawley,E",MLSC1218  L,2
BHSC1139 Sem,10/02/2026,14:30,10/02/2026,15:30,"BHSC1139  Sem  NE25 115 47884      Duffy,S",BHSC1139  S,9
MLSC1218 Lab,10/01/2026,15:30,10/01/2026,16:30,"MLSC1218  Lab  NW04 4090 47900      Frawley,E",MLSC1218  L,2
BHSC1310 Sem,10/02/2026,15:30,10/02/2026,16:30,"BHSC1310  Sem  NE25 116 47889      Marshall,K",BHSC1310  S,7
MLSC1218 Lec,10/05/2026,8:30,10/05/2026,9:30,"MLSC1218  Lec  SW03 1710 47877      Yamamoto,V",MLSC1218  L,2
MLSC1218 Lec,10/06/2026,8:30,10/06/2026,9:30,"MLSC1218  Lec  SW03 1750 47877      Yamamoto,V",MLSC1218  L,2
BHSC1139 Lec,10/07/2026,8:30,10/07/2026,9:30,"BHSC1139  Lec  SW01 1205 47869      Duffy,S",BHSC1139  L,9
COMM1370 Lec,10/08/2026,8:30,10/08/2026,9:30,"COMM1370  Lec  SW03 1710 48902      Hunter,R",COMM1370  L,6
MLSC1309 Lec,10/09/2026,8:30,10/09/2026,9:30,"MLSC1309  Lec  SW03 1750 48977      Macapili,R",MLSC1309  L,3
MLSC1218 Lec,10/05/2026,9:30,10/05/2026,10:30,"MLSC1218  Lec  SW03 1710 47877      Yamamoto,V",MLSC1218  L,2
MLSC1218 Lec,10/06/2026,9:30,10/06/2026,10:30,"MLSC1218  Lec  SW03 1750 47877      Yamamoto,V",MLSC1218  L,2
MLSC1218 Lab,10/07/2026,9:30,10/07/2026,10:30,"MLSC1218  Lab  NW04 4090 47900      Frawley,E",MLSC1218  L,2
MLSC1314 Lec,10/08/2026,9:30,10/08/2026,10:30,"MLSC1314  Lec  SW03 1710 47878      Chen,E",MLSC1314  L,5
MLSC1309 Lab,10/09/2026,9:30,10/09/2026,10:30,"MLSC1309  Lab  NW04 4100 48981      Lamarre,J",MLSC1309  L,3
MLSC1314 Lec,10/05/2026,10:30,10/05/2026,11:30,"MLSC1314  Lec  SW03 1710 47878      Chen,E",MLSC1314  L,5
MLSC1309 Lec,10/06/2026,10:30,10/06/2026,11:30,"MLSC1309  Lec  SW03 1750 48977      Macapili,R",MLSC1309  L,3
MLSC1218 Lab,10/07/2026,10:30,10/07/2026,11:30,"MLSC1218  Lab  NW04 4090 47900      Frawley,E",MLSC1218  L,2
MLSC1314 Lec,10/08/2026,10:30,10/08/2026,11:30,"MLSC1314  Lec  SW03 1710 47878      Chen,E",MLSC1314  L,5
MLSC1309 Lab,10/09/2026,10:30,10/09/2026,11:30,"MLSC1309  Lab  NW04 4100 48981      Lamarre,J",MLSC1309  L,3
MLSC1314 Lec,10/05/2026,11:30,10/05/2026,12:30,"MLSC1314  Lec  SW03 1710 47878      Chen,E",MLSC1314  L,5
BHSC1310 Sem,10/07/2026,12:30,10/07/2026,13:30,"BHSC1310  Sem  SW01 2004 47889      Marshall,K",BHSC1310  S,7
MLSC1309 Lab,10/08/2026,12:30,10/08/2026,13:30,"MLSC1309  Lab  NW04 4100 48981      Lamarre,J",MLSC1309  L,3
BHSC1139 Sem,10/09/2026,12:30,10/09/2026,13:30,"BHSC1139  Sem *NE22 105 47884      Duffy,S",BHSC1139  S,9
BHSC1310 Lec,10/05/2026,13:30,10/05/2026,14:30,"BHSC1310  Lec  SW03 1710 47871      Marshall,K",BHSC1310  L,7
BHSC1139 Sem,10/07/2026,13:30,10/07/2026,14:30,"BHSC1139  Sem  SW01 4072 47884      Duffy,S",BHSC1139  S,9
MLSC1309 Lab,10/08/2026,13:30,10/08/2026,14:30,"MLSC1309  Lab  NW04 4100 48981      Lamarre,J",MLSC1309  L,3
BHSC1139 Sem,10/09/2026,13:30,10/09/2026,14:30,"BHSC1139  Sem *NE22 105 47884      Duffy,S",BHSC1139  S,9
BHSC1310 Lec,10/05/2026,14:30,10/05/2026,15:30,"BHSC1310  Lec  SW03 1710 47871      Marshall,K",BHSC1310  L,7
COMM1370 Sem,10/06/2026,14:30,10/06/2026,15:30,"COMM1370  Sem  SW01 4009 48905      Hunter,R",COMM1370  S,6
MLSC1218 Lab,10/08/2026,14:30,10/08/2026,15:30,"MLSC1218  Lab  NW04 4090 47900      Frawley,E",MLSC1218  L,2
COMM1370 Sem,10/06/2026,15:30,10/06/2026,16:30,"COMM1370  Sem  SW01 4009 48905      Hunter,R",COMM1370  S,6
MLSC1218 Lab,10/08/2026,15:30,10/08/2026,16:30,"MLSC1218  Lab  NW04 4090 47900      Frawley,E",MLSC1218  L,2
Thanksgiving,10/12/2026,8:30,10/12/2026,9:30,Thanksgiving,,1
MLSC1309 Lec,10/13/2026,8:30,10/13/2026,9:30,"MLSC1309  Lec  SW03 1750 48977      Lamarre,J",MLSC1309  L,3
BHSC1139 Lec,10/14/2026,8:30,10/14/2026,9:30,"BHSC1139  Lec  SW01 1205 47869      Duffy,S",BHSC1139  L,9
COMM1370 Lec,10/15/2026,8:30,10/15/2026,9:30,"COMM1370  Lec  SW03 1710 48902      Hunter,R",COMM1370  L,6
MLSC1218 Lec,10/16/2026,8:30,10/16/2026,9:30,"MLSC1218  Lec  SW03 1750 47877      Frawley,E",MLSC1218  L,2
MLSC1309 Lec,10/13/2026,9:30,10/13/2026,10:30,"MLSC1309  Lec  SW03 1750 48977      Lamarre,J",MLSC1309  L,3
MLSC1218 Lab,10/14/2026,9:30,10/14/2026,10:30,"MLSC1218  Lab  NW04 4090 47900      Chen,E",MLSC1218  L,2
MLSC1218 Lec,10/15/2026,9:30,10/15/2026,10:30,"MLSC1218  Lec  SW03 1710 47877      Frawley,E",MLSC1218  L,2
MLSC1314 Lec,10/16/2026,9:30,10/16/2026,10:30,"MLSC1314  Lec  SW03 1750 47878      Chen,E",MLSC1314  L,5
MLSC1218 Lec,10/13/2026,10:30,10/13/2026,11:30,"MLSC1218  Lec  SW03 1750 47877      Frawley,E",MLSC1218  L,2
MLSC1218 Lab,10/14/2026,10:30,10/14/2026,11:30,"MLSC1218  Lab  NW04 4090 47900      Chen,E",MLSC1218  L,2
MLSC1218 Lec,10/15/2026,10:30,10/15/2026,11:30,"MLSC1218  Lec  SW03 1710 47877      Frawley,E",MLSC1218  L,2
MLSC1314 Lec,10/16/2026,10:30,10/16/2026,11:30,"MLSC1314  Lec  SW03 1750 47878      Chen,E",MLSC1314  L,5
BHSC1310 Sem,10/14/2026,12:30,10/14/2026,13:30,"BHSC1310  Sem  SW01 2004 47889      Marshall,K",BHSC1310  S,7
MLSC1218 Lab,10/15/2026,12:30,10/15/2026,13:30,"MLSC1218  Lab  NW04 4090 47900      Frawley,E",MLSC1218  L,2
MLSC1309 Lab,10/16/2026,12:30,10/16/2026,13:30,"MLSC1309  Lab  NE22 106 48981      Macapili,R*",MLSC1309  L,3
BHSC1139 Sem,10/14/2026,13:30,10/14/2026,14:30,"BHSC1139  Sem  SW01 4009 47884      Duffy,S",BHSC1139  S,9
MLSC1218 Lab,10/15/2026,13:30,10/15/2026,14:30,"MLSC1218  Lab  NW04 4090 47900      Frawley,E",MLSC1218  L,2
MLSC1309 Lab,10/16/2026,13:30,10/16/2026,14:30,"MLSC1309  Lab  NE22 106 48981      Macapili,R*",MLSC1309  L,3
COMM1370 Sem,10/15/2026,14:30,10/15/2026,15:30,"COMM1370  Sem  SW01 4009 48905      Hunter,R",COMM1370  S,6
COMM1370 Sem,10/15/2026,15:30,10/15/2026,16:30,"COMM1370  Sem  SW01 4009 48905      Hunter,R",COMM1370  S,6
MLSC1218 Lec,10/19/2026,8:30,10/19/2026,9:30,"MLSC1218  Lec  SW03 1710 47877      McMullen,H",MLSC1218  L,2
MLSC1218 Lec,10/20/2026,8:30,10/20/2026,9:30,"MLSC1218  Lec  SW03 1750 47877      Ham,K",MLSC1218  L,2
BHSC1139 Lec,10/21/2026,8:30,10/21/2026,9:30,"BHSC1139  Lec  SW01 1205 47869      Duffy,S",BHSC1139  L,9
COMM1370 Lec,10/22/2026,8:30,10/22/2026,9:30,"COMM1370  Lec  SW03 1710 48902      Hunter,R",COMM1370  L,6
MLSC1314 Lec,10/23/2026,8:30,10/23/2026,9:30,"MLSC1314  Lec  SW03 1750 47878      Chen,E",MLSC1314  L,5
MLSC1218 Lec,10/19/2026,9:30,10/19/2026,10:30,"MLSC1218  Lec  SW03 1710 47877      McMullen,H",MLSC1218  L,2
MLSC1218 Lec,10/20/2026,9:30,10/20/2026,10:30,"MLSC1218  Lec  SW03 1750 47877      Ham,K",MLSC1218  L,2
BHSC1139 Sem,10/21/2026,9:30,10/21/2026,10:30,"BHSC1139  Sem  SW01 4009 47884      Duffy,S",BHSC1139  S,9
MLSC1309 Lec,10/22/2026,9:30,10/22/2026,10:30,"MLSC1309  Lec  SW03 1710 48977      Macapili,R*",MLSC1309  L,3
MLSC1314 Lec,10/23/2026,9:30,10/23/2026,10:30,"MLSC1314  Lec  SW03 1750 47878      Chen,E",MLSC1314  L,5
BHSC1139 Lec,10/19/2026,10:30,10/19/2026,11:30,"BHSC1139  Lec  SW03 1710 47869      Duffy,S",BHSC1139  L,9
MLSC1309 Lec,10/20/2026,10:30,10/20/2026,11:30,"MLSC1309  Lec  SW03 1750 48977      Kwan,C",MLSC1309  L,3
BHSC1310 Sem,10/21/2026,10:30,10/21/2026,11:30,"BHSC1310  Sem  SW01 2590 47889      Marshall,K",BHSC1310  S,7
MLSC1309 Lec,10/22/2026,10:30,10/22/2026,11:30,"MLSC1309  Lec  SW03 1710 48977      Macapili,R*",MLSC1309  L,3
BHSC1139 Lec,10/23/2026,10:30,10/23/2026,11:30,"BHSC1139  Lec  SW03 1750 47869      Duffy,S",BHSC1139  L,9
BHSC1310 Lec,10/19/2026,12:30,10/19/2026,13:30,"BHSC1310  Lec  SW03 1710 47871      Marshall,K",BHSC1310  L,7
COMM1370 Sem,10/20/2026,12:30,10/20/2026,13:30,"COMM1370  Sem  SW01 4009 48905      Hunter,R",COMM1370  S,6
MLSC1218 Lab,10/23/2026,12:30,10/23/2026,13:30,"MLSC1218  Lab  NW04 4090 47900      McMullen,H",MLSC1218  L,2
BHSC1310 Lec,10/19/2026,13:30,10/19/2026,14:30,"BHSC1310  Lec  SW03 1710 47871      Marshall,K",BHSC1310  L,7
COMM1370 Sem,10/20/2026,13:30,10/20/2026,14:30,"COMM1370  Sem  SW01 4009 48905      Hunter,R",COMM1370  S,6
MLSC1218 Lab,10/23/2026,13:30,10/23/2026,14:30,"MLSC1218  Lab  NW04 4090 47900      McMullen,H",MLSC1218  L,2
MLSC1218 Lab,10/20/2026,14:30,10/20/2026,15:30,"MLSC1218  Lab  NW04 4090 47900      Frawley,E",MLSC1218  L,2
MLSC1218 Lab,10/20/2026,15:30,10/20/2026,16:30,"MLSC1218  Lab  NW04 4090 47900      Frawley,E",MLSC1218  L,2
MLSC1309 Lec,10/26/2026,8:30,10/26/2026,9:30,"MLSC1309  Lec  SW03 1710 48977      Lamarre,J",MLSC1309  L,3
MLSC1218 Lec,10/27/2026,8:30,10/27/2026,9:30,"MLSC1218  Lec  SW03 1750 47877      Chen,E",MLSC1218  L,2
BHSC1139 Lec,10/28/2026,8:30,10/28/2026,9:30,"BHSC1139  Lec  SW01 1205 47869      Duffy,S",BHSC1139  L,9
COMM1370 Lec,10/29/2026,8:30,10/29/2026,9:30,"COMM1370  Lec  SW03 1710 48902      Hunter,R",COMM1370  L,6
BHSC1310 Lec,10/30/2026,8:30,10/30/2026,9:30,"BHSC1310  Lec  SW03 1750 47871      Marshall,K",BHSC1310  L,7
MLSC1309 Lec,10/26/2026,9:30,10/26/2026,10:30,"MLSC1309  Lec  SW03 1710 48977      Lamarre,J",MLSC1309  L,3
MLSC1218 Lec,10/27/2026,9:30,10/27/2026,10:30,"MLSC1218  Lec  SW03 1750 47877      Chen,E",MLSC1218  L,2
MLSC1218 Lab,10/28/2026,9:30,10/28/2026,10:30,"MLSC1218  Lab  NW04 4090 47900      Tzou,E",MLSC1218  L,2
MLSC1218 Lec,10/29/2026,9:30,10/29/2026,10:30,"MLSC1218  Lec  SW03 1710 47877      Yamamoto,V",MLSC1218  L,2
BHSC1139 Lec,10/30/2026,9:30,10/30/2026,10:30,"BHSC1139  Lec  SW03 1750 47869      Duffy,S",BHSC1139  L,9
BHSC1139 Lec,10/26/2026,10:30,10/26/2026,11:30,"BHSC1139  Lec  SW03 1710 47869      Duffy,S",BHSC1139  L,9
MLSC1309 Lec,10/27/2026,10:30,10/27/2026,11:30,"MLSC1309  Lec  SW03 1750 48977      Macapili,R",MLSC1309  L,3
MLSC1218 Lab,10/28/2026,10:30,10/28/2026,11:30,"MLSC1218  Lab  NW04 4090 47900      Tzou,E",MLSC1218  L,2
MLSC1218 Lec,10/29/2026,10:30,10/29/2026,11:30,"MLSC1218  Lec  SW03 1710 47877      Yamamoto,V",MLSC1218  L,2
BHSC1139 Lec,10/30/2026,10:30,10/30/2026,11:30,"BHSC1139  Lec  SW03 1750 47869      Duffy,S",BHSC1139  L,9
BHSC1310 Lec,10/26/2026,12:30,10/26/2026,13:30,"BHSC1310  Lec  SW03 1710 47871      Marshall,K",BHSC1310  L,7
COMM1370 Sem,10/27/2026,12:30,10/27/2026,13:30,"COMM1370  Sem  SW01 4009 48905      Hunter,R",COMM1370  S,6
BHSC1310 Sem,10/28/2026,12:30,10/28/2026,13:30,"BHSC1310  Sem  SW01 2004 47889      Marshall,K",BHSC1310  S,7
MLSC1218 Lab,10/29/2026,12:30,10/29/2026,13:30,"MLSC1218  Lab  NW04 4090 47900      Yamamoto,V",MLSC1218  L,2
BHSC1310 Lec,10/26/2026,13:30,10/26/2026,14:30,"BHSC1310  Lec  SW03 1710 47871      Marshall,K",BHSC1310  L,7
COMM1370 Sem,10/27/2026,13:30,10/27/2026,14:30,"COMM1370  Sem  SW01 4009 48905      Hunter,R",COMM1370  S,6
BHSC1139 Sem,10/28/2026,13:30,10/28/2026,14:30,"BHSC1139  Sem  SW01 4009 47884      Duffy,S",BHSC1139  S,9
MLSC1218 Lab,10/29/2026,13:30,10/29/2026,14:30,"MLSC1218  Lab  NW04 4090 47900      Yamamoto,V",MLSC1218  L,2
MLSC1309 Lab,10/29/2026,14:30,10/29/2026,15:30,"MLSC1309  Lab  NW04 4100 48981      Kwan,C",MLSC1309  L,3
MLSC1309 Lab,10/30/2026,14:30,10/30/2026,15:30,"MLSC1309  Lab  NW04 4100 48981      Lamarre,J",MLSC1309  L,3
MLSC1309 Lab,10/29/2026,15:30,10/29/2026,16:30,"MLSC1309  Lab  NW04 4100 48981      Kwan,C",MLSC1309  L,3
MLSC1309 Lab,10/30/2026,15:30,10/30/2026,16:30,"MLSC1309  Lab  NW04 4100 48981      Lamarre,J",MLSC1309  L,3
MLSC1309 Lec,11/02/2026,8:30,11/02/2026,9:30,"MLSC1309  Lec  SW03 1710 48977      Macapili,R",MLSC1309  L,3
MLSC1218 Lec,11/03/2026,8:30,11/03/2026,9:30,"MLSC1218  Lec  SW03 1750 47877      McMullen,H",MLSC1218  L,2
BHSC1139 Lec,11/04/2026,8:30,11/04/2026,9:30,"BHSC1139  Lec  SW01 1205 47869      Duffy,S",BHSC1139  L,9
COMM1370 Lec,11/05/2026,8:30,11/05/2026,9:30,"COMM1370  Lec  SW03 1710 48902      Hunter,R",COMM1370  L,6
MLSC1309 Lec,11/06/2026,8:30,11/06/2026,9:30,"MLSC1309  Lec  SW03 1750 48977      Kwan,C",MLSC1309  L,3
MLSC1309 Lec,11/02/2026,9:30,11/02/2026,10:30,"MLSC1309  Lec  SW03 1710 48977      Macapili,R",MLSC1309  L,3
MLSC1218 Lec,11/03/2026,9:30,11/03/2026,10:30,"MLSC1218  Lec  SW03 1750 47877      McMullen,H",MLSC1218  L,2
MLSC1218 Lec,11/05/2026,9:30,11/05/2026,10:30,"MLSC1218  Lec  SW03 1710 47877      Yamamoto,V",MLSC1218  L,2
BHSC1139 Lec,11/06/2026,9:30,11/06/2026,10:30,"BHSC1139  Lec  SW03 1750 47869      Duffy,S",BHSC1139  L,9
BHSC1139 Lec,11/02/2026,10:30,11/02/2026,11:30,"BHSC1139  Lec  SW03 1710 47869      Duffy,S",BHSC1139  L,9
MLSC1309 Lec,11/03/2026,10:30,11/03/2026,11:30,"MLSC1309  Lec  SW03 1750 48977      Lamarre,J*",MLSC1309  L,3
MLSC1218 Lec,11/05/2026,10:30,11/05/2026,11:30,"MLSC1218  Lec  SW03 1710 47877      Yamamoto,V",MLSC1218  L,2
BHSC1139 Lec,11/06/2026,10:30,11/06/2026,11:30,"BHSC1139  Lec  SW03 1750 47869      Duffy,S",BHSC1139  L,9
BHSC1139 Lec,11/02/2026,12:30,11/02/2026,13:30,"BHSC1139  Lec  SW03 1710 47869      Duffy,S",BHSC1139  L,9
MLSC1218 Lab,11/03/2026,12:30,11/03/2026,13:30,"MLSC1218  Lab  NW04 4090 47900      McMullen,H",MLSC1218  L,2
BHSC1139 Sem,11/04/2026,12:30,11/04/2026,13:30,"BHSC1139  Sem  SW01 4009 47884      Duffy,S",BHSC1139  S,9
BHSC1310 Lec,11/02/2026,13:30,11/02/2026,14:30,"BHSC1310  Lec  SW03 1710 47871      Marshall,K",BHSC1310  L,7
MLSC1218 Lab,11/03/2026,13:30,11/03/2026,14:30,"MLSC1218  Lab  NW04 4090 47900      McMullen,H",MLSC1218  L,2
BHSC1310 Sem,11/04/2026,13:30,11/04/2026,14:30,"BHSC1310  Sem  SW01 2004 47889      Marshall,K",BHSC1310  S,7
BHSC1310 Lec,11/02/2026,14:30,11/02/2026,15:30,"BHSC1310  Lec  SW03 1710 47871      Marshall,K",BHSC1310  L,7
COMM1370 Sem,11/03/2026,14:30,11/03/2026,15:30,"COMM1370  Sem  SW01 4009 48905      Hunter,R",COMM1370  S,6
MLSC1218 Lab,11/06/2026,14:30,11/06/2026,15:30,"MLSC1218  Lab  NW04 4090 47900      Chen,E",MLSC1218  L,2
COMM1370 Sem,11/03/2026,15:30,11/03/2026,16:30,"COMM1370  Sem  SW01 4009 48905      Hunter,R",COMM1370  S,6
MLSC1218 Lab,11/06/2026,15:30,11/06/2026,16:30,"MLSC1218  Lab  NW04 4090 47900      Chen,E",MLSC1218  L,2
MLSC1218 Lec,11/09/2026,8:30,11/09/2026,9:30,"MLSC1218  Lec  SW03 1710 47877      Tzou,E",MLSC1218  L,2
MLSC1309 Lec,11/10/2026,8:30,11/10/2026,9:30,"MLSC1309  Lec  SW03 1750 48977      Macapili,R",MLSC1309  L,3
Remembrance Day,11/11/2026,8:30,11/11/2026,9:30,Remembrance Day,,1
COMM1370 Lec,11/12/2026,8:30,11/12/2026,9:30,"COMM1370  Lec  SW03 1710 48902      Hunter,R",COMM1370  L,6
BHSC1310 Lec,11/13/2026,8:30,11/13/2026,9:30,"BHSC1310  Lec  SW03 1750 47871      Marshall,K",BHSC1310  L,7
MLSC1218 Lec,11/09/2026,9:30,11/09/2026,10:30,"MLSC1218  Lec  SW03 1710 47877      Tzou,E",MLSC1218  L,2
MLSC1309 Lec,11/10/2026,9:30,11/10/2026,10:30,"MLSC1309  Lec  SW03 1750 48977      Macapili,R",MLSC1309  L,3
MLSC1309 Lec,11/12/2026,9:30,11/12/2026,10:30,"MLSC1309  Lec  SW03 1710 48977      Macapili,R",MLSC1309  L,3
BHSC1310 Lec,11/13/2026,9:30,11/13/2026,10:30,"BHSC1310  Lec  SW03 1750 47871      Marshall,K",BHSC1310  L,7
BHSC1310 Lec,11/09/2026,10:30,11/09/2026,11:30,"BHSC1310  Lec  SW03 1710 47871      Marshall,K",BHSC1310  L,7
MLSC1218 Lec,11/10/2026,10:30,11/10/2026,11:30,"MLSC1218  Lec  SW03 1750 47877      Tzou,E",MLSC1218  L,2
MLSC1218 Lec,11/12/2026,10:30,11/12/2026,11:30,"MLSC1218  Lec  SW03 1710 47877      Chen,E",MLSC1218  L,2
BHSC1139 Lec,11/13/2026,10:30,11/13/2026,11:30,"BHSC1139  Lec  SW03 1750 47869      Duffy,S",BHSC1139  L,9
MLSC1218 Lab,11/10/2026,12:30,11/10/2026,13:30,"MLSC1218  Lab  NW04 4090 47900      Frawley,E",MLSC1218  L,2
MLSC1309 Lab,11/12/2026,12:30,11/12/2026,13:30,"MLSC1309  Lab  NW04 4100 48981      Lamarre,J",MLSC1309  L,3
MLSC1309 Lab,11/13/2026,12:30,11/13/2026,13:30,"MLSC1309  Lab  NW04 4100 48981      Macapili,R",MLSC1309  L,3
MLSC1218 Lab,11/10/2026,13:30,11/10/2026,14:30,"MLSC1218  Lab  NW04 4090 47900      Frawley,E",MLSC1218  L,2
MLSC1309 Lab,11/12/2026,13:30,11/12/2026,14:30,"MLSC1309  Lab  NW04 4100 48981      Lamarre,J",MLSC1309  L,3
MLSC1309 Lab,11/13/2026,13:30,11/13/2026,14:30,"MLSC1309  Lab  NW04 4100 48981      Macapili,R",MLSC1309  L,3
COMM1370 Sem,11/10/2026,14:30,11/10/2026,15:30,"COMM1370  Sem  SW01 4009 48905      Hunter,R",COMM1370  S,6
MLSC1218 Lab,11/12/2026,14:30,11/12/2026,15:30,"MLSC1218  Lab  NW04 4090 47900      Chen,E",MLSC1218  L,2
BHSC1139 Sem,11/13/2026,14:30,11/13/2026,15:30,"BHSC1139  Sem  NE25 115 47884      Duffy,S",BHSC1139  S,9
COMM1370 Sem,11/10/2026,15:30,11/10/2026,16:30,"COMM1370  Sem  SW01 4009 48905      Hunter,R",COMM1370  S,6
MLSC1218 Lab,11/12/2026,15:30,11/12/2026,16:30,"MLSC1218  Lab  NW04 4090 47900      Chen,E",MLSC1218  L,2
BHSC1310 Sem,11/13/2026,15:30,11/13/2026,16:30,"BHSC1310  Sem  NE25 116 47889      Marshall,K",BHSC1310  S,7
MLSC1309 Lec,11/16/2026,8:30,11/16/2026,9:30,"MLSC1309  Lec  SW03 1710 48977      Lamarre,J",MLSC1309  L,3
MLSC1309 Lec,11/17/2026,8:30,11/17/2026,9:30,"MLSC1309  Lec  SW03 1750 48977      Lamarre,J",MLSC1309  L,3
BHSC1139 Lec,11/18/2026,8:30,11/18/2026,9:30,"BHSC1139  Lec  SW01 1205 47869      Duffy,S",BHSC1139  L,9
COMM1370 Lec,11/19/2026,8:30,11/19/2026,9:30,"COMM1370  Lec  SW03 1710 48902      Hunter,R",COMM1370  L,6
BHSC1310 Lec,11/20/2026,8:30,11/20/2026,9:30,"BHSC1310  Lec  SW03 1750 47871      Marshall,K",BHSC1310  L,7
MLSC1309 Lec,11/16/2026,9:30,11/16/2026,10:30,"MLSC1309  Lec  SW03 1710 48977      Lamarre,J",MLSC1309  L,3
MLSC1218 Lab,11/17/2026,9:30,11/17/2026,10:30,"MLSC1218  Lab *NE22 105 47900      Frawley,E*",MLSC1218  L,2
BHSC1139 Sem,11/18/2026,9:30,11/18/2026,10:30,"BHSC1139  Sem  SW01 4009 47884      Duffy,S",BHSC1139  S,9
MLSC1218 Lec,11/19/2026,9:30,11/19/2026,10:30,"MLSC1218  Lec  SW03 1710 47877      Frawley,E",MLSC1218  L,2
BHSC1310 Lec,11/20/2026,9:30,11/20/2026,10:30,"BHSC1310  Lec  SW03 1750 47871      Marshall,K",BHSC1310  L,7
BHSC1139 Lec,11/16/2026,10:30,11/16/2026,11:30,"BHSC1139  Lec  SW03 1710 47869      Duffy,S",BHSC1139  L,9
MLSC1218 Lab,11/17/2026,10:30,11/17/2026,11:30,"MLSC1218  Lab *NE22 105 47900      Frawley,E*",MLSC1218  L,2
BHSC1310 Sem,11/18/2026,10:30,11/18/2026,11:30,"BHSC1310  Sem  SW01 2590 47889      Marshall,K",BHSC1310  S,7
MLSC1218 Lec,11/19/2026,10:30,11/19/2026,11:30,"MLSC1218  Lec  SW03 1710 47877      Frawley,E",MLSC1218  L,2
MLSC1218 Lec,11/20/2026,10:30,11/20/2026,11:30,"MLSC1218  Lec  SW03 1750 47877      Tzou,E",MLSC1218  L,2
MLSC1309 Lab,11/17/2026,12:30,11/17/2026,13:30,"MLSC1309  Lab  NW04 4100 48981      Lamarre,J",MLSC1309  L,3
MLSC1309 Lab,11/18/2026,12:30,11/18/2026,13:30,"MLSC1309  Lab  NW04 4100 48981      Kwan,C",MLSC1309  L,3
MLSC1218 Lab,11/19/2026,12:30,11/19/2026,13:30,"MLSC1218  Lab  NW04 4090 47900      Tzou,E",MLSC1218  L,2
MLSC1309 Lab,11/17/2026,13:30,11/17/2026,14:30,"MLSC1309  Lab  NW04 4100 48981      Lamarre,J",MLSC1309  L,3
MLSC1309 Lab,11/18/2026,13:30,11/18/2026,14:30,"MLSC1309  Lab  NW04 4100 48981      Kwan,C",MLSC1309  L,3
MLSC1218 Lab,11/19/2026,13:30,11/19/2026,14:30,"MLSC1218  Lab  NW04 4090 47900      Tzou,E",MLSC1218  L,2
MLSC1218 Lab,11/17/2026,14:30,11/17/2026,15:30,"MLSC1218  Lab  NW04 4090 47900      Yamamoto,V",MLSC1218  L,2
COMM1370 Sem,11/19/2026,14:30,11/19/2026,15:30,"COMM1370  Sem  SW01 4009 48905      Hunter,R",COMM1370  S,6
MLSC1218 Lab,11/17/2026,15:30,11/17/2026,16:30,"MLSC1218  Lab  NW04 4090 47900      Yamamoto,V",MLSC1218  L,2
COMM1370 Sem,11/19/2026,15:30,11/19/2026,16:30,"COMM1370  Sem  SW01 4009 48905      Hunter,R",COMM1370  S,6
MLSC1309 Lec,11/23/2026,8:30,11/23/2026,9:30,"MLSC1309  Lec  SW03 1710 48977      Kwan,C",MLSC1309  L,3
MLSC1218 Lec,11/24/2026,8:30,11/24/2026,9:30,"MLSC1218  Lec  SW03 1750 47877      Frawley,E",MLSC1218  L,2
BHSC1139 Lec,11/25/2026,8:30,11/25/2026,9:30,"BHSC1139  Lec  SW01 1205 47869      Duffy,S",BHSC1139  L,9
COMM1370 Lec,11/26/2026,8:30,11/26/2026,9:30,"COMM1370  Lec  SW03 1710 48902      Hunter,R",COMM1370  L,6
BHSC1310 Lec,11/27/2026,8:30,11/27/2026,9:30,"BHSC1310  Lec  SW03 1750 47871      Marshall,K",BHSC1310  L,7
MLSC1309 Lec,11/23/2026,9:30,11/23/2026,10:30,"MLSC1309  Lec  SW03 1710 48977      Kwan,C",MLSC1309  L,3
MLSC1218 Lec,11/24/2026,9:30,11/24/2026,10:30,"MLSC1218  Lec  SW03 1750 47877      Frawley,E",MLSC1218  L,2
BHSC1139 Sem,11/25/2026,9:30,11/25/2026,10:30,"BHSC1139  Sem  SW01 4009 47884      Duffy,S",BHSC1139  S,9
MLSC1218 Lab,11/26/2026,9:30,11/26/2026,10:30,"MLSC1218  Lab  NW04 4090 47900      Frawley,E",MLSC1218  L,2
BHSC1139 Lec,11/23/2026,10:30,11/23/2026,11:30,"BHSC1139  Lec  SW03 1710 47869      Duffy,S",BHSC1139  L,9
MLSC1218 Lec,11/24/2026,10:30,11/24/2026,11:30,"MLSC1218  Lec  SW03 1750 47877      Frawley,E",MLSC1218  L,2
BHSC1310 Sem,11/25/2026,10:30,11/25/2026,11:30,"BHSC1310  Sem  SW01 2590 47889      Marshall,K",BHSC1310  S,7
MLSC1218 Lab,11/26/2026,10:30,11/26/2026,11:30,"MLSC1218  Lab  NW04 4090 47900      Frawley,E",MLSC1218  L,2
BHSC1139 Lec,11/23/2026,12:30,11/23/2026,13:30,"BHSC1139  Lec  SW03 1710 47869      Duffy,S",BHSC1139  L,9
MLSC1309 Lab,11/24/2026,12:30,11/24/2026,13:30,"MLSC1309  Lab  NW04 4100 48981      Kwan,C",MLSC1309  L,3
MLSC1309 Lab,11/25/2026,12:30,11/25/2026,13:30,"MLSC1309  Lab  NW04 4100 48981      Lamarre,J",MLSC1309  L,3
COMM1370 Sem,11/26/2026,12:30,11/26/2026,13:30,"COMM1370  Sem  SW01 4009 48905      Hunter,R",COMM1370  S,6
BHSC1310 Lec,11/23/2026,13:30,11/23/2026,14:30,"BHSC1310  Lec  SW03 1710 47871      Marshall,K",BHSC1310  L,7
MLSC1309 Lab,11/24/2026,13:30,11/24/2026,14:30,"MLSC1309  Lab  NW04 4100 48981      Kwan,C",MLSC1309  L,3
MLSC1309 Lab,11/25/2026,13:30,11/25/2026,14:30,"MLSC1309  Lab  NW04 4100 48981      Lamarre,J",MLSC1309  L,3
COMM1370 Sem,11/26/2026,13:30,11/26/2026,14:30,"COMM1370  Sem  SW01 4009 48905      Hunter,R",COMM1370  S,6
BHSC1310 Lec,11/23/2026,14:30,11/23/2026,15:30,"BHSC1310  Lec  SW03 1710 47871      Marshall,K",BHSC1310  L,7
MLSC1218 Lab,11/24/2026,14:30,11/24/2026,15:30,"MLSC1218  Lab  NW04 4090 47900      McMullen,H",MLSC1218  L,2
MLSC1218 Lab,11/24/2026,15:30,11/24/2026,16:30,"MLSC1218  Lab  NW04 4090 47900      McMullen,H",MLSC1218  L,2
MLSC1309 Lec,11/30/2026,8:30,11/30/2026,9:30,"MLSC1309  Lec  SW03 1710 48977      Kwan,C",MLSC1309  L,3
MLSC1218 Lec,12/01/2026,8:30,12/01/2026,9:30,"MLSC1218  Lec  SW03 1750 47877      Frawley,E",MLSC1218  L,2
BHSC1139 Lec,12/02/2026,8:30,12/02/2026,9:30,"BHSC1139  Lec  SW01 1205 47869      Duffy,S",BHSC1139  L,9
COMM1370 Lec,12/03/2026,8:30,12/03/2026,9:30,"COMM1370  Lec  SW03 1710 48902      Hunter,R",COMM1370  L,6
BHSC1139 Lec,12/04/2026,8:30,12/04/2026,9:30,"BHSC1139  Lec  SW03 1750 47869      Duffy,S",BHSC1139  L,9
MLSC1309 Lec,11/30/2026,9:30,11/30/2026,10:30,"MLSC1309  Lec  SW03 1710 48977      Kwan,C",MLSC1309  L,3
MLSC1218 Lec,12/01/2026,9:30,12/01/2026,10:30,"MLSC1218  Lec  SW03 1750 47877      Frawley,E",MLSC1218  L,2
MLSC1218 Lec,12/03/2026,9:30,12/03/2026,10:30,"MLSC1218  Lec  SW03 1710 47877      Chen,E",MLSC1218  L,2
BHSC1139 Lec,11/30/2026,10:30,11/30/2026,11:30,"BHSC1139  Lec  SW03 1710 47869      Duffy,S",BHSC1139  L,9
MLSC1218 Lec,12/01/2026,10:30,12/01/2026,11:30,"MLSC1218  Lec  SW03 1750 47877      Frawley,E",MLSC1218  L,2
MLSC1309 Lab,12/02/2026,10:30,12/02/2026,11:30,"MLSC1309  Lab  NW04 4100 48981      Kwan,C",MLSC1309  L,3
MLSC1218 Lec,12/03/2026,10:30,12/03/2026,11:30,"MLSC1218  Lec  SW03 1710 47877      Chen,E",MLSC1218  L,2
BHSC1139 Lec,11/30/2026,12:30,11/30/2026,13:30,"BHSC1139  Lec  SW03 1710 47869      Duffy,S",BHSC1139  L,9
COMM1370 Sem,12/01/2026,12:30,12/01/2026,13:30,"COMM1370  Sem  SW01 4009 48905      Hunter,R",COMM1370  S,6
BHSC1139 Sem,12/02/2026,12:30,12/02/2026,13:30,"BHSC1139  Sem  SW01 4009 47884      Duffy,S",BHSC1139  S,9
MLSC1218 Lab,12/03/2026,12:30,12/03/2026,13:30,"MLSC1218  Lab  NW04 4090 47900      Yamamoto,V",MLSC1218  L,2
BHSC1310 Lec,11/30/2026,13:30,11/30/2026,14:30,"BHSC1310  Lec  SW03 1710 47871      Marshall,K",BHSC1310  L,7
COMM1370 Sem,12/01/2026,13:30,12/01/2026,14:30,"COMM1370  Sem  SW01 4009 48905      Hunter,R",COMM1370  S,6
BHSC1310 Sem,12/02/2026,13:30,12/02/2026,14:30,"BHSC1310  Sem  SW01 2004 47889      Marshall,K",BHSC1310  S,7
MLSC1218 Lab,12/03/2026,13:30,12/03/2026,14:30,"MLSC1218  Lab  NW04 4090 47900      Yamamoto,V",MLSC1218  L,2
BHSC1310 Lec,11/30/2026,14:30,11/30/2026,15:30,"BHSC1310  Lec  SW03 1710 47871      Marshall,K",BHSC1310  L,7
MLSC1218 Lab,12/01/2026,14:30,12/01/2026,15:30,"MLSC1218  Lab  NW04 4090 47900      Frawley,E",MLSC1218  L,2
MLSC1218 Lab,12/01/2026,15:30,12/01/2026,16:30,"MLSC1218  Lab  NW04 4090 47900      Frawley,E",MLSC1218  L,2
Final Exams,12/07/2026,8:30,12/07/2026,9:30,Final Exams,,1
